         w __deregister_frame_info
         w __register_frame_info
         w userAppExit
         w userAppInit
00000000 00000802 B __ctru_dev_utf16_buf
00000000 A __sync_synchronize
00000000 b _TLS_MODULE_BASE_
00000000 a shift
00000000 a shift
00000804 00000401 B __ctru_dev_path_buf
00100000 A __start__
00100000 T _start
00100008 T __service_ptr
0010000c T __apt_appid
00100010 T __heap_size
00100014 T __linear_heap_size
00100018 T __system_arglist
0010001c T __system_runflags
00100020 t startup
00100058 t ClearMem
0010006c t ClrLoop
00100094 T _init
001000ac t .udivsi3_skip_div0_test
001000ac T __aeabi_uidiv
001000ac 000001ec T __udivsi3
00100298 00000020 T __aeabi_uidivmod
001002b8 T __aeabi_idiv
001002b8 00000220 T __divsi3
001002c0 t .divsi3_skip_div0_test
001004d8 00000020 T __aeabi_idivmod
001004f8 00000004 W __aeabi_idiv0
001004f8 00000004 W __aeabi_ldiv0
001004fc T __aeabi_drsub
00100504 000002b0 T __aeabi_dsub
00100504 000002b0 T __subdf3
00100508 000002ac T __adddf3
00100508 000002ac T __aeabi_dadd
001007b4 00000024 T __aeabi_ui2d
001007b4 00000024 T __floatunsidf
001007d8 00000028 T __aeabi_i2d
001007d8 00000028 T __floatsidf
00100800 00000048 T __aeabi_f2d
00100800 00000048 T __extendsfdf2
00100848 00000074 T __aeabi_ul2d
00100848 00000074 T __floatundidf
0010085c 00000060 T __aeabi_l2d
0010085c 00000060 T __floatdidf
001008bc 0000019c T __aeabi_frsub
001008c4 00000194 T __aeabi_fsub
001008c4 00000194 T __subsf3
001008c8 00000190 T __addsf3
001008c8 00000190 T __aeabi_fadd
00100a58 00000028 T __aeabi_ui2f
00100a58 00000028 T __floatunsisf
00100a60 00000020 T __aeabi_i2f
00100a60 00000020 T __floatsisf
00100a80 0000008c T __aeabi_ul2f
00100a80 0000008c T __floatundisf
00100a90 0000007c T __aeabi_l2f
00100a90 0000007c T __floatdisf
00100b0c T __aeabi_ldivmod
00100be0 T __aeabi_uldivmod
00100c28 00000390 T strcmp
00100fb0 t __do_global_dtors_aux
00101000 t frame_dummy
0010102c 00000010 T audioReason
0010103c 00000188 T audioInit
001011c4 0000006c T audioExit
00101230 00000050 T audioUpdateVolume
00101280 0000015c T audioPlay
001013dc 0000007c T audioPlayThrottled
00101458 00000118 t genNoise
00101570 00000110 t genBlip
00101680 00000058 T audioSynthLengths
001016d8 00000278 T audioSynthBuild
00101950 000002c4 t cameraBlockFractionAt
00101c14 00000050 T benchPivot
00101c64 0000007c T frameWorkbenchCamera
00101ce0 0000006c T framePhotoCamera
00101d4c 00000064 T frameRunnerCamera
00101db0 00000030 T frameAssemblyCamera
00101de0 00000080 T refreshBlockers
00101e60 00000178 T buildModelView
00101fd8 000000b0 T cameraWorldPosition
00102088 000000d0 T buildRunnerView
00102158 0000000c T controlList
00102164 00000008 T controlCount
0010216c 00000050 T controlsTranslate
001021bc 00000018 T controlsBeginListen
001021d4 00000014 T controlsCancelListen
001021e8 00000010 T controlsIsListening
001021f8 00000010 T controlsListeningAction
00102208 00000068 T controlsPollListen
00102270 00000048 T controlsRemapConflict
001022b8 0000002c T controlsRowAction
001022e4 00000038 T controlsRowIsSplit
0010231c 00000058 T controlKeyRow
00102374 0000001c T controlsKeyLabelId
00102390 00000108 t boxCentre
00102498 0000038c T hintPoint
00102828 00000148 T hintDraw
00102970 000000b8 t settleSavedMoves
00102a28 000000a0 t saveCurrentLevel
00102ac8 00000034 t showConsoleAndPause
00102afc 00000094 t sceneExit
00102b90 00000074 t publishCompletion
00102c08 00000108 t sceneBind.part.0
00102d10 00000250 t progressLoad
00102f60 000000a0 t beginnerAction
00103000 00000118 t loadLevelState.part.0
00103118 000001d8 t seatPart.part.0
001032f0 0000007c t readMemUsage.constprop.0
0010336c 0000007c t printStaticInfo.isra.0
001033e8 00000060 t beginnerFrameBegin
00103448 00000100 t describeSelection
00103548 00001110 t sceneRender.constprop.0
00104658 00000060 T boxStage
001046b8 00000044 T socketForPart
001046fc 00002f54 T main
00107650 00000124 t sample
00107774 00000064 T memoryStatusAppUsedBytes
001077d8 00000008 T memoryStatusAppTotalBytes
001077e0 0000002c T memoryStatusMeasureVram
0010780c 00000010 T memoryStatusVramTotalBytes
0010781c 00000024 T memoryStatusVramUsedBytes
00107840 00000020 T memoryStatusAppPercent
00107860 00000020 T memoryStatusVramPercent
00107880 000003ac t validateKitDef
00107c2c 0000012c t fanBladeOutline
00107d58 00000958 t packRunnerLayout
001086b0 00000228 t applyAtlasUV
001088d8 00000094 t expandBounds.constprop.0
0010896c 0000029c t addFanBlade
00108c08 0000030c t addStar5
00108f14 000000d4 t emitAxisVertex
00108fe8 00000274 t wheelBand
0010925c 00000244 t addWedgeAxis
001094a0 00000398 t addBox
00109838 000000d0 t emitAxisVertex.constprop.0
00109908 0000024c t wheelRing
00109b54 00000328 t addWheelAxis
00109e7c 00000438 t addCylinder8Axis
0010a2b4 0000048c t addFanGrill
0010a740 00000450 t addPlate
0010ab90 0000047c t addDome8Axis
0010b00c 0000003c T meshJointForPart
0010b048 00000010 T meshKitName
0010b058 00000010 T meshKitRunnerCount
0010b068 0000000c T meshLooseX
0010b074 0000000c T meshLooseZ
0010b080 0000000c T meshMatX
0010b08c 0000000c T meshMatZ
0010b098 0000000c T meshStandX
0010b0a4 0000000c T meshStandZ
0010b0b0 0000000c T meshRunnerX
0010b0bc 0000000c T meshRunnerZ
0010b0c8 0000004c T meshLooseSlot
0010b114 0000000c T meshLooseTopY
0010b120 00000080 T meshKitPartCount
0010b1a0 000000a0 T meshValidateKits
0010b240 00002a3c T meshBuildKit
0010dc7c 0000000c T meshVertices
0010dc88 00000010 T meshVertexCount
0010dc98 0000000c T meshIndices
0010dca4 00000010 T meshIndexCount
0010dcb4 0000000c T meshParts
0010dcc0 00000010 T meshPartCount
0010dcd0 0000000c T meshSockets
0010dcdc 00000010 T meshSocketCount
0010dcec 00000010 T meshDeskFirstVertex
0010dcfc 00000010 T meshDeskVertexCount
0010dd0c 00000010 T meshMatFirstVertex
0010dd1c 00000010 T meshMatVertexCount
0010dd2c 00000010 T meshGridFirstVertex
0010dd3c 00000010 T meshGridVertexCount
0010dd4c 00000010 T meshRunnerFirstVertex
0010dd5c 00000010 T meshRunnerBaseVertexCount
0010dd6c 00000030 T meshRunnerStubFirstVertex
0010dd9c 00000030 T meshRunnerStubVertexCount
0010ddcc 00000010 T meshStandFirstVertex
0010dddc 00000010 T meshStandVertexCount
0010ddec 00000010 T meshKitTrayFirstVertex
0010ddfc 00000010 T meshKitTrayVertexCount
0010de0c 00000010 T meshKitLidFirstVertex
0010de1c 00000010 T meshKitLidVertexCount
0010de2c 00000010 T meshKitArtFirstVertex
0010de3c 00000010 T meshKitArtVertexCount
0010de4c 00000010 T meshRoomCeilingFirstVertex
0010de5c 00000010 T meshRoomCeilingVertexCount
0010de6c 00000010 T meshRoomFloorFirstVertex
0010de7c 00000010 T meshRoomFloorVertexCount
0010de8c 00000010 T meshRoomBedWoodFirstVertex
0010de9c 00000010 T meshRoomBedWoodVertexCount
0010deac 00000010 T meshRoomMattressFirstVertex
0010debc 00000010 T meshRoomMattressVertexCount
0010decc 00000010 T meshRoomBlanketFirstVertex
0010dedc 00000010 T meshRoomBlanketVertexCount
0010deec 00000010 T meshRoomPillowFirstVertex
0010defc 00000010 T meshRoomPillowVertexCount
0010df0c 00000010 T meshRoomDoorFirstVertex
0010df1c 00000010 T meshRoomDoorVertexCount
0010df2c 00000010 T meshRoomKnobFirstVertex
0010df3c 00000010 T meshRoomKnobVertexCount
0010df4c 00000010 T meshRoomShelfFirstVertex
0010df5c 00000010 T meshRoomShelfVertexCount
0010df6c 00000010 T meshRoomTrimFirstVertex
0010df7c 00000010 T meshRoomTrimVertexCount
0010df8c 00000010 T meshRoomSkyFirstVertex
0010df9c 00000010 T meshRoomSkyVertexCount
0010dfac 00000010 T meshRoomGroundFirstVertex
0010dfbc 00000010 T meshRoomGroundVertexCount
0010dfcc 00000010 T meshRoomWallRearFirstVertex
0010dfdc 00000010 T meshRoomWallRearVertexCount
0010dfec 00000010 T meshRoomWallFrontFirstVertex
0010dffc 00000010 T meshRoomWallFrontVertexCount
0010e00c 00000010 T meshRoomWallLeftFirstVertex
0010e01c 00000010 T meshRoomWallLeftVertexCount
0010e02c 00000010 T meshRoomWallRightFirstVertex
0010e03c 00000010 T meshRoomWallRightVertexCount
0010e04c 00000008 T meshBlockerCount
0010e054 00000008 T meshBlockerKitBoxIndex
0010e05c 0000017c T meshBlockerBounds
0010e1d8 00000080 T meshKitBoxBounds
0010e258 00000028 T meshKitBoxedOffset
0010e280 000001b0 T projectBox
0010e430 0000016c T pickGate
0010e59c 000000f4 T pickKitBox
0010e690 0000021c T pickPart
0010e8ac 000001c4 T pickSocket
0010ea70 00000160 T pickGhostSocket
0010ebd0 00000164 t saveWritePath.part.0
0010ed34 00000204 t saveReadPath.part.0
0010ef38 00000010 T saveLastReason
0010ef48 00000040 T saveWriteBlob
0010ef88 00000040 T saveReadBlob
0010efc8 00000040 T saveWriteSettingsBlob
0010f008 00000040 T saveReadSettingsBlob
0010f048 000002c4 T screenshotCapture
0010f30c 00000010 T settingsVolume
0010f31c 00000048 T settingsVolumeStep
0010f364 00000010 T settingsShowTutorial
0010f374 00000028 T settingsSetShowTutorial
0010f39c 0000001c T settingsSwapStartSelect
0010f3b8 00000054 T settingsSetSwapStartSelect
0010f40c 0000001c T settingsRemapButton
0010f428 0000003c T settingsSetRemapButton
0010f464 00000078 T settingsResetRemap
0010f4dc 00000010 T settingsLanguage
0010f4ec 00000028 T settingsSetLanguage
0010f514 00000090 T settingsLoad
0010f5a4 00000070 T settingsSave
0010f614 00000028 T settingsFlush
0010f63c 00000010 T settingsSaveFailed
0010f64c 00000020 T languageName
0010f66c 00000094 T languageCurrent
0010f700 00000010 T languageSet
0010f710 000000e0 T STR
0010f7f0 000002b0 T textureAtlasInit
0010faa0 00000018 T textureAtlasGet
0010fab8 00000088 t drawTextCentred
0010fb40 000000bc t rectFor
0010fbfc 000000d8 t drawFrameRect
0010fcd4 000000f0 t drawMat
0010fdc4 000000ec t drawPlaqueLabel.constprop.0
0010feb0 000000e0 t drawStyrene
0010ff90 000000cc t drawSquareButton.constprop.0
0011005c 00000124 t drawPartButton
00110180 00000454 t refreshStaticText
001105d4 0000001c T titleSetBuilt
001105f0 0000008c T titleInit
0011067c 00000020 T titleExit
0011069c 00000010 T titleActive
001106ac 00000060 T titleReturnToLevels
0011070c 00000010 T titleLevel
0011071c 00000054 T titleCaptureStartLevel
00110770 000004cc T titleInput
00110c3c 00000674 T titlePrintTop
001112b0 00001578 T titleDraw
00112828 00000080 t stylusTri
001128a8 000000e4 t drawArrowGlyph
0011298c 000000d0 t drawDashedSegment.constprop.0
00112a5c 000000b8 t drawRingStroke.constprop.0
00112b14 000000b0 t poly5.constprop.0
00112bc4 00000084 t drawTapTarget
00112c48 000003d4 t drawStylus.constprop.0
0011301c 00000114 t drawPips
00113130 00000144 t drawIsoBox
00113274 00001550 T tutorialDrawSheet
001147c4 0000005c t reportProgress
00114820 000000bc t applyCommonOptions
001148dc 00000094 t writeToMemory
00114970 0000006c t writeToInstall
001149dc 00000098 t jsonCopyString.part.0
00114a74 00000100 t startWorker
00114b74 00000098 t versionParse.part.0.constprop.0
00114c0c 00000520 t runCheck
0011512c 00000304 t workerBody
00115430 000000fc T updaterInit
0011552c 000000dc T updaterExit
00115608 00000010 T updaterAvailable
00115618 00000034 T updaterStartCheck
0011564c 00000028 T updaterStartInstall
00115674 00000010 T updaterState
00115684 00000024 T updaterBusy
001156a8 0000000c T updaterMessage
001156b4 00000010 T updaterProgress
001156c4 0000000c T updaterLatestVersion
001156d0 00000018 T updaterRelaunch
001156e8 000000c0 t global_init
001157a8 0000005c T curl_global_init
00115804 00000084 T curl_global_cleanup
00115888 000000a8 T curl_easy_init
00115930 00000154 T curl_easy_perform
00115a84 00000040 T curl_easy_cleanup
00115ac4 00000030 T curl_easy_getinfo
00115af8 000000d4 T Curl_initinfo
00115bd0 00000ac0 T Curl_getinfo
00116690 000000ac t hsts_create
0011673c 000000e8 t hsts_pull
00116824 00000034 T Curl_hsts_init
00116858 00000074 T Curl_hsts_cleanup
001168cc 00000158 T Curl_hsts
00116a28 000002b4 T Curl_hsts_parse
00116cdc 000000fc t hsts_add.isra.0
00116dd8 00000110 t hsts_load
00116ee8 00000360 T Curl_hsts_save
00117248 00000014 T Curl_hsts_loadcb
0011725c 00000048 T Curl_hsts_loadfiles
001172a4 00000074 T Curl_input_digest
00117318 000001b4 T Curl_output_digest
001174cc 0000001c T Curl_http_auth_cleanup_digest
001174e8 00000018 T Curl_llist_init
00117500 00000070 T Curl_llist_insert_next
00117570 00000094 T Curl_llist_remove
00117604 000000b0 T Curl_llist_destroy
001176b4 00000008 T Curl_llist_count
001176bc 00000070 t mime_mem_seek
0011772c 00000028 t mime_mem_free
00117754 00000078 t mime_mem_read
001177cc 00000040 t mime_file_free
0011780c 0000005c t content_type_match
00117868 000000e4 t escape_string
0011794c 00000068 t mime_file_read
001179b4 00000074 t mime_file_seek
00117a28 00000074 t search_header
00117a9c 0000011c t mime_subparts_seek
00117bb8 00000070 t mime_subparts_unbind
00117c28 000000e4 t Curl_mime_cleanpart.part.0
00117d0c 000000b8 t curl_mime_free.part.0
00117dc8 00000070 t mime_subparts_free
00117e38 0000034c t read_part_content.part.0
00118184 000004cc t readback_part
00118650 0000000c T Curl_mime_cleanpart
0011865c 00000090 T curl_mime_init
001186ec 00000020 T Curl_mime_initpart
0011870c 00000068 T curl_mime_addpart
00118774 0000006c T curl_mime_name
001187e0 0000006c T curl_mime_filename
0011884c 000001b8 t curl_mime_filedata.part.0
00118a04 0000013c T curl_mime_data
00118b40 0000009c T curl_mime_filedata
00118bdc 0000006c T curl_mime_type
00118c48 00000064 T curl_mime_headers
00118cac 000000c0 T curl_mime_data_cb
00118d6c 0000012c T Curl_mime_set_subparts
00118e98 00000118 T curl_mime_subparts
00118fb0 00000040 T Curl_mime_read
00118ff0 000000a8 T Curl_mime_rewind
00119098 000001d4 T Curl_mime_size
0011926c 0000007c T Curl_mime_add_header
001192e8 00000078 T Curl_mime_contenttype
00119360 00000568 T Curl_mime_prepare_headers
001198c8 00000030 t addbyter
001198f8 0000003c t alloc_addbyter
00119934 00000074 T curl_msnprintf
001199a8 00001658 t dprintf_formatf
0011b000 0000005c T curl_mvsnprintf
0011b05c 0000005c T Curl_dyn_vprintf
0011b0b8 000000a0 T curl_mvaprintf
0011b158 0000002c T curl_maprintf
0011b184 00000034 T curl_mfprintf
0011b1b8 00000018 t trhash
0011b1d0 00000018 t trhash_compare
0011b1e8 00000004 t trhash_dtor
0011b1ec 00000010 t sh_freeentry
0011b1fc 00000018 t fd_key_compare
0011b214 00000018 t hash_fd
0011b22c 0000002c t before_perform
0011b258 000000b0 t multi_getsock
0011b308 000004bc t singlesocket
0011b7c4 00000054 t close_connect_only
0011b818 000000c4 t multi_timeout
0011b8dc 000000e4 t add_next_timeout.isra.0
0011b9c0 000003cc t multi_wait.part.0
0011bd8c 00000150 T Curl_multi_handle
0011bedc 00000010 T Curl_multiplex_wanted
0011beec 0000003c T Curl_detach_connection
0011bf28 00000058 T Curl_attach_connection
0011bf80 0000006c T curl_multi_poll
0011bfec 00000010 T Curl_multi_connchanged
0011bffc 00000048 T Curl_preconnect
0011c044 00000084 T curl_multi_info_read
0011c0c8 000000dc T Curl_multi_closed
0011c1a4 00000224 T curl_multi_setopt
0011c3c8 00000138 T Curl_update_timer
0011c500 00000240 T Curl_expire
0011c740 00000200 t curl_multi_add_handle.part.0
0011c940 00000060 T curl_multi_add_handle
0011c9a0 0000009c t process_pending_handles
0011ca3c 0000034c t multi_done
0011cd88 0000016c t multi_handle_timeout
0011cef4 00000160 T curl_multi_cleanup
0011d054 00001824 t multi_runsingle
0011e878 000000f0 T curl_multi_perform
0011e968 00000040 T Curl_expire_done
0011e9a8 000000a8 T Curl_expire_clear
0011ea50 00000044 t init_completed
0011ea94 00000298 T curl_multi_remove_handle
0011ed2c 0000000c T Curl_multi_max_host_connections
0011ed38 0000000c T Curl_multi_max_total_connections
0011ed44 0000003c T Curl_set_in_callback
0011ed80 00000038 T Curl_is_in_callback
0011edb8 000006f0 t parsedate.constprop.0
0011f4a8 00000058 T Curl_getdate_capped
0011f500 0000002c T Curl_gmtime
0011f52c 00000248 t time2str
0011f778 00000268 t max5data
0011f9e0 00000030 T Curl_pgrsResetTransferSizes
0011fa10 0000017c T Curl_pgrsTimeWas
0011fb8c 00000040 T Curl_pgrsTime
0011fbcc 00000134 T Curl_pgrsLimitWaitTime
0011fd00 00000060 T Curl_pgrsSetDownloadCounter
0011fd60 000000f4 T Curl_ratelimit
0011fe58 000000b0 T Curl_pgrsStartNow
0011ff08 0000000c T Curl_pgrsSetUploadCounter
0011ff14 00000028 T Curl_pgrsSetDownloadSize
0011ff3c 00000028 T Curl_pgrsSetUploadSize
0011ff68 00000c2c T Curl_pgrsUpdate
00120b98 00000064 T Curl_pgrsDone
00120bfc 000000c4 t randit.part.0
00120cc0 00000080 T Curl_rand
00120d40 00000078 T Curl_rand_hex
00120db8 000000b8 T Curl_rand_alnum
00120e70 00000014 T Curl_rename
00120e84 00000078 T Curl_wait_ms
00120efc 000000f0 T Curl_poll
00120fec 00000194 T Curl_socket_check
00121180 00000008 t client_cew_init
00121188 00000004 t client_cew_close
0012118c 0000010c t pausewrite
00121298 00000278 t chop_write
00121510 0000003c t client_cew_write
0012154c 00000068 T Curl_nwrite
001215b4 00000080 T Curl_write
00121634 000001e0 T Curl_client_write
00121814 0000008c T Curl_client_cleanup
001218a0 00000084 T Curl_client_create_writer
00121924 00000030 T Curl_client_free_writer
00121954 000000ec T Curl_client_add_writer
00121a40 00000070 T Curl_read
00121ab0 000000e0 t setstropt_userpwd
00121b90 000000d0 t protocol2num
00121c60 00000080 T Curl_setstropt
00121ce0 000000b0 T Curl_setblobopt
00121d90 00002ef4 T Curl_vsetopt
00124c84 00000038 T curl_easy_setopt
00124cbc 00000044 T Curl_share_lock
00124d00 00000044 T Curl_share_unlock
00124d44 0000005c T Curl_slist_append_nodup
00124da0 00000090 T curl_slist_append
00124e30 00000048 T curl_slist_free_all
00124e78 00000018 T Curl_speedinit
00124e90 00000118 T Curl_speedcheck
00124fa8 00000170 T Curl_splay
00125118 000000fc T Curl_splayinsert
00125214 000000d8 T Curl_splaygetbest
001252ec 000000f0 T Curl_splayremove
001253dc 00000010 T Curl_raw_toupper
001253ec 00000010 T Curl_raw_tolower
001253fc 00000098 T curl_strequal
00125494 000000bc T curl_strnequal
00125550 0000003c T Curl_strntoupper
0012558c 0000003c T Curl_strntolower
001255c8 00000034 T Curl_safecmp
001255fc 00000058 T Curl_timestrcmp
00125654 0000003c T Curl_memdup
00125690 00000054 T Curl_saferealloc
001256e4 0000001c T curl_easy_strerror
00125700 0000001c T curl_url_strerror
0012571c 000000e8 T Curl_strerror
00125804 000000d4 T curlx_strtoofft
001258d8 00000068 T Curl_now
00125940 000000dc T Curl_timediff
00125a1c 000000e0 T Curl_timediff_ceil
00125afc 000000e0 T Curl_timediff_us
00125bdc 00000078 t trailers_read
00125c54 00000058 T Curl_checkheaders
00125cac 00000044 T Curl_get_upload_buffer
00125cf0 000004ac T Curl_fillreadbuffer
0012619c 000000a0 T Curl_meets_timecondition
0012623c 0000001c T Curl_done_sending
00126258 0000125c T Curl_readwrite
001274b4 00000090 T Curl_single_getsock
00127544 00000034 T Curl_init_CONNECT
00127578 0000042c T Curl_pretransfer
001279a4 00000008 T Curl_posttransfer
001279ac 00000688 T Curl_follow
00128034 000001b4 T Curl_retry_request
001281e8 00000248 T Curl_setup_transfer
00128430 000000a4 t up_free
001284d4 00000158 t conn_free
0012862c 000000e0 t setup_range
0012870c 000004ac t parse_proxy
00128bb8 000001d0 t extract_if_dead
00128d88 00000028 t call_extract_if_dead
00128db0 000000c4 T Curl_freeset
00128e78 00000208 T Curl_init_userdefined
00129080 000000c4 T Curl_open
00129144 000000e0 T Curl_disconnect
00129224 00000068 T Curl_verboseconnect
0012928c 00000068 T Curl_builtin_scheme
001292f4 00000020 T Curl_uc_to_curlcode
00129314 00000060 T Curl_free_request_state
00129374 00000370 T Curl_close
001296e4 00000384 T Curl_parse_login_details
00129a68 000000c0 T Curl_setup_conn
00129b28 000000d8 T Curl_init_do
00129c00 00002cec T Curl_connect
0012c8ec 0000008c t free_urlhandle
0012c978 000001bc t ipv6_parse
0012cb34 000001a4 t urlencode_str
0012ccd8 000005cc t parse_authority
0012d2a4 000000f8 T Curl_is_absolute_url
0012d39c 000009a8 t parseurl_and_replace
0012dd44 00000018 T curl_url
0012dd5c 00000028 T curl_url_cleanup
0012dd84 000001cc T curl_url_dup
0012df50 00000788 T curl_url_get
0012e6d8 00000b94 T curl_url_set
0012f26c 00000008 T curlx_ultous
0012f274 00000008 T curlx_ultouc
0012f27c 00000008 T curlx_uztosi
0012f284 00000004 T curlx_uztoui
0012f288 00000008 T curlx_sltosi
0012f290 00000004 T curlx_sltoui
0012f294 00000008 T curlx_sltous
0012f29c 00000008 T curlx_uztosz
0012f2a4 00000004 T curlx_sotouz
0012f2a8 00000008 T curlx_uitous
0012f2b0 00000098 t auth_digest_string_quoted
0012f348 0000003c t auth_digest_sha256_to_ascii
0012f384 0000003c t auth_digest_md5_to_ascii
0012f3c0 00000558 t auth_create_digest_http_message
0012f918 0000012c T Curl_auth_digest_get_pair
0012fa44 00000008 T Curl_auth_is_digest_supported
0012fa4c 0000078c T Curl_auth_create_digest_md5_message
001301d8 00000068 T Curl_auth_create_digest_http_message
00130240 00000088 T Curl_auth_digest_cleanup
001302c8 00000528 T Curl_auth_decode_digest_http_message
001307f0 0000005c T Curl_auth_build_spn
0013084c 00000084 T Curl_auth_allowed_to_host
001308d0 00000004 T Curl_none_cleanup
001308d4 00000008 T Curl_none_shutdown
001308dc 00000008 T Curl_none_check_cxn
001308e4 00000008 T Curl_none_random
001308ec 00000004 T Curl_none_close_all
001308f0 00000008 T Curl_none_data_pending
001308f8 00000008 T Curl_none_cert_status_request
00130900 00000008 T Curl_none_set_engine
00130908 00000008 T Curl_none_set_engine_default
00130910 00000008 T Curl_none_engines_list
00130918 00000054 t ssl_cf_data_pending
0013096c 0000004c t ssl_cf_send
001309b8 00000084 t ssl_cf_cntrl
00130a3c 00000070 t ssl_cf_query
00130aac 00000084 t cf_ssl_is_alive
00130b30 00000064 t blobdup
00130b94 00000174 t multissl_version
00130d08 000000ac t ssl_cf_recv
00130db4 00000050 t ssl_prefs_check
00130e04 0000006c t ssl_cf_get_select_socks
00130e70 000000d0 t multissl_setup.part.0
00130f40 00000074 t multissl_send_plain
00130fb4 00000074 t multissl_recv_plain
00131028 00000050 t multissl_close
00131078 00000058 t multissl_get_internals
001310d0 00000060 t multissl_get_select_socks
00131130 00000060 t multissl_connect_nonblocking
00131190 00000058 t multissl_connect
001311e8 00000048 t multissl_init
00131230 00000060 t Curl_ssl_free_certinfo.part.0
00131290 00000078 t cf_ctx_new.isra.0
00131308 00000008 T Curl_none_false_start
00131310 00000004 T Curl_none_session_free
00131314 000000b4 t cf_ssl_create.isra.0
001313c8 000000a4 t ssl_cf_close
0013146c 000000a0 t ssl_cf_destroy
0013150c 00000374 t ssl_cf_connect
00131880 000001cc T Curl_ssl_config_matches
00131a4c 00000268 T Curl_clone_primary_ssl_config
00131cb4 000000d8 T Curl_free_primary_ssl_config
00131d8c 00000034 T Curl_ssl_backend
00131dc0 00000038 T Curl_ssl_init
00131df8 00000038 T Curl_ssl_cleanup
00131e30 00000024 T Curl_ssl_sessionid_lock
00131e54 00000020 T Curl_ssl_sessionid_unlock
00131e74 000001c4 T Curl_ssl_getsessionid
00132038 00000068 T Curl_ssl_kill_session
001320a0 00000038 T Curl_ssl_delsessionid
001320d8 00000234 T Curl_ssl_addsessionid
0013230c 00000020 T Curl_free_multi_ssl_backend_data
0013232c 00000094 T Curl_ssl_close_all
001323c0 00000044 T Curl_ssl_get_select_socks
00132404 00000014 T Curl_ssl_set_engine
00132418 00000014 T Curl_ssl_set_engine_default
0013242c 00000014 T Curl_ssl_engines_list
00132440 00000058 T Curl_ssl_initsessions
00132498 00000010 T Curl_ssl_free_certinfo
001324a8 00000014 T Curl_ssl_random
001324bc 00000070 T Curl_ssl_snihost
0013252c 000004a0 T Curl_pin_peer_pubkey
001329cc 00000014 T Curl_ssl_cert_status_request
001329e0 00000014 T Curl_ssl_false_start
001329f4 00000058 T Curl_ssl_cfilter_add
00132a4c 00000048 T Curl_cf_ssl_insert_after
00132a94 000000a0 T Curl_cf_ssl_proxy_insert_after
00132b34 00000020 T Curl_ssl_supports
00132b54 0000008c T Curl_ssl_get_internals
00132be0 00000098 T Curl_ssl_cfilter_remove
00132c78 0000001c T Curl_ssl_cf_is_proxy
00132c94 00000020 T Curl_ssl_cf_get_config
00132cb4 00000020 T Curl_ssl_cf_get_primary_config
00132cd4 00000154 t altsvc_createid
00132e28 000000c0 t getalnum
00132ee8 00000060 t hostcompare
00132f48 00000064 t alpn2alpnid
00132fac 00000104 t altsvc_add.isra.0
001330b0 000000ac t altsvc_flush
0013315c 00000024 T Curl_alpnid2str
00133180 00000040 T Curl_altsvc_init
001331c0 0000011c T Curl_altsvc_load
001332dc 00000018 T Curl_altsvc_ctrl
001332f4 00000080 T Curl_altsvc_cleanup
00133374 00000214 T Curl_altsvc_save
00133588 00000730 T Curl_altsvc_parse
00133cb8 000000f8 T Curl_altsvc_lookup
00133db0 0000019c t base64_encode
00133f4c 000001c0 T Curl_base64_decode
0013410c 0000003c T Curl_base64_encode
00134148 00000014 T Curl_bufref_init
0013415c 00000038 T Curl_bufref_free
00134194 00000040 T Curl_bufref_set
001341d4 00000008 T Curl_bufref_ptr
001341dc 00000008 T Curl_bufref_len
001341e4 00000098 T Curl_bufref_memdup
0013427c 00000008 T Curl_cf_def_cntrl
00134284 000000f8 t conn_report_connect_stats.isra.0
0013437c 000000c0 t cf_cntrl_all.constprop.0
0013443c 00000058 T Curl_cf_def_get_host
00134494 00000018 T Curl_cf_def_get_select_socks
001344ac 00000018 T Curl_cf_def_data_pending
001344c4 00000034 T Curl_cf_def_send
001344f8 00000034 T Curl_cf_def_recv
0013452c 00000018 T Curl_cf_def_conn_is_alive
00134544 00000018 T Curl_cf_def_conn_keep_alive
0013455c 00000034 T Curl_cf_def_query
00134590 0000005c T Curl_conn_cf_discard_chain
001345ec 00000014 T Curl_conn_cf_discard_all
00134600 00000028 T Curl_conn_close
00134628 00000078 T Curl_conn_recv
001346a0 00000078 T Curl_conn_send
00134718 00000044 T Curl_cf_create
0013475c 00000054 T Curl_conn_cf_add
001347b0 0000002c T Curl_conn_cf_insert_after
001347dc 000000a8 T Curl_conn_cf_discard_sub
00134884 00000028 T Curl_conn_cf_connect
001348ac 00000014 T Curl_conn_cf_close
001348c0 00000014 T Curl_conn_cf_get_select_socks
001348d4 00000038 T Curl_conn_cf_send
0013490c 00000038 T Curl_conn_cf_recv
00134944 000000e0 T Curl_conn_connect
00134a24 00000018 T Curl_conn_is_connected
00134a3c 00000050 T Curl_conn_is_ip_connected
00134a8c 00000040 T Curl_conn_cf_is_ssl
00134acc 00000050 T Curl_conn_is_ssl
00134b1c 00000050 T Curl_conn_is_multiplex
00134b6c 0000004c T Curl_conn_data_pending
00134bb8 00000058 T Curl_conn_get_select_socks
00134c10 00000060 T Curl_conn_get_host
00134c70 00000088 T Curl_conn_cf_cntrl
00134cf8 00000050 T Curl_conn_cf_get_socket
00134d48 00000074 T Curl_conn_get_socket
00134dbc 00000024 T Curl_conn_ev_data_attach
00134de0 00000024 T Curl_conn_ev_data_detach
00134e04 00000028 T Curl_conn_ev_data_setup
00134e2c 00000028 T Curl_conn_ev_data_idle
00134e54 0000002c T Curl_conn_ev_data_done_send
00134e80 00000028 T Curl_conn_ev_data_done
00134ea8 00000028 T Curl_conn_ev_data_pause
00134ed0 00000030 T Curl_conn_ev_update_info
00134f00 00000038 T Curl_conn_is_alive
00134f38 00000010 t free_bundle_hash_entry
00134f48 0000006c t hashkey.constprop.0
00134fb4 0000006c T Curl_conncache_init
00135020 0000000c T Curl_conncache_destroy
0013502c 00000058 T Curl_conncache_size
00135084 00000060 T Curl_conncache_find_bundle
001350e4 00000124 T Curl_conncache_add_conn
00135208 00000148 T Curl_conncache_remove_conn
00135350 000000d8 T Curl_conncache_foreach
00135428 00000104 T Curl_conncache_extract_bundle
0013552c 00000180 T Curl_conncache_extract_oldest
001356ac 000000f0 T Curl_conncache_return_conn
0013579c 000000ec T Curl_conncache_close_all_connections
00135888 0000002c t conn_is_conn
001358b4 000000e0 t eyeballer_new
00135994 00000070 t cf_he_data_pending
00135a04 0000005c t cf_setup_destroy
00135a60 000000ac t cf_he_get_select_socks
00135b0c 00000088 t cf_setup_close
00135b94 000000a0 t cf_setup_create.isra.0
00135c34 00000404 t cf_setup_connect
00136038 000000e0 t get_max_baller_time.isra.0
00136118 00000160 t cf_he_query
00136278 0000009c t cf_he_ctx_clear.isra.0
00136314 00000098 t cf_he_close
001363ac 00000074 t cf_he_destroy
00136420 00000290 t baller_start.isra.0
001366b0 00000184 T Curl_timeleft
00136838 00000a4c t cf_he_connect
00137284 00000110 T Curl_persistconninfo
00137394 0000006c T Curl_addr2string
00137400 000000f0 T Curl_getconnectinfo
001374f0 00000060 T Curl_conncontrol
00137550 00000040 T Curl_cf_setup_insert_after
00137590 00000094 T Curl_conn_setup
00137624 00000018 t zalloc_cb
0013763c 00000014 t zfree_cb
00137650 00000008 t identity_init_writer
00137658 00000004 t identity_close_writer
0013765c 000000f0 t check_gzip_header.part.0
0013774c 00000008 t error_init_writer
00137754 00000004 t error_close_writer
00137758 0000003c t identity_unencode_write
00137794 00000080 t deflate_init_writer
00137814 00000088 t gzip_close_writer
0013789c 00000088 t deflate_close_writer
00137924 000000b4 t exit_zlib
001379d8 000000c8 t gzip_init_writer
00137aa0 0000032c t inflate_stream
00137dcc 00000080 t deflate_unencode_write
00137e4c 000002f8 t gzip_unencode_write
00138144 00000100 T Curl_all_content_encodings
00138244 0000004c t error_unencode_write
00138290 0000003c T Curl_unencode_write
001382cc 00000210 T Curl_build_unencoding_stack
001384dc 0000005c t freecookie
00138538 00000020 t cookie_sort_ct
00138558 000000e4 t remove_expired
0013863c 00000138 t cookie_sort
00138774 00000068 t cookie_tailmatch
001387dc 000000f0 t get_netscape_format
001388cc 000000c0 t cookiehash
0013898c 000000f4 t sanitize_cookie_path
00138a80 00001370 T Curl_cookie_add
00139df0 0000025c T Curl_cookie_init
0013a04c 00000094 T Curl_cookie_loadfiles
0013a0e0 00000428 T Curl_cookie_getlist
0013a508 0000004c T Curl_cookie_clearall
0013a554 00000024 T Curl_cookie_freelist
0013a578 00000080 T Curl_cookie_clearsess
0013a5f8 00000054 T Curl_cookie_cleanup
0013a64c 000000d8 T Curl_cookie_list
0013a724 00000390 T Curl_flush_cookies
0013aab4 00000098 T Curl_get_line
0013ab4c 0000003c T Curl_memrchr
0013ab88 000000b8 t Curl_debug.part.0
0013ac40 00000010 T Curl_debug
0013ac50 000000b4 T Curl_failf
0013ad04 00000088 T Curl_infof
0013ad8c 000000bc T Curl_trc_cf_infof
0013ae48 00000008 T Curl_trc_init
0013ae50 000000b8 t unescape_word
0013af08 000000c0 t sendf
0013afc8 00000490 t dict_do
0013b458 00000114 t dyn_nappend
0013b56c 00000018 T Curl_dyn_init
0013b584 00000030 T Curl_dyn_free
0013b5b4 00000020 T Curl_dyn_reset
0013b5d4 00000074 T Curl_dyn_tail
0013b648 00000004 T Curl_dyn_addn
0013b64c 00000028 T Curl_dyn_add
0013b674 00000018 T Curl_dyn_vaddf
0013b68c 00000038 T Curl_dyn_addf
0013b6c4 00000008 T Curl_dyn_ptr
0013b6cc 00000008 T Curl_dyn_uptr
0013b6d4 00000008 T Curl_dyn_len
0013b6dc 00000024 T Curl_dyn_setlen
0013b700 00000174 T curl_easy_escape
0013b874 00000194 T Curl_urldecode
0013ba08 00000010 T curl_free
0013ba18 00000094 T Curl_hexencode
0013baac 00000034 t file_setup_connection
0013bae0 00000054 t file_done
0013bb38 000007a8 t file_do
0013c2e0 00000054 t file_disconnect
0013c334 00000134 t file_connect
0013c468 0000017c T Curl_fopen
0013c5e4 00000098 t freedirs
0013c67c 00000030 t ftp_multi_statemach
0013c6ac 00000090 t ftp_domore_getsock
0013c73c 00000008 t ftp_getsock
0013c744 0000021c t ftp_state_retr
0013c960 0000009c t ftp_state_use_pasv
0013c9fc 000000d4 t ftp_epsv_disable
0013cad0 00000244 t ftp_state_ul_setup
0013cd14 000006c4 t ftp_state_use_port
0013d3d8 000004c8 t ftp_state_pasv_resp
0013d8a0 000000a8 t ftp_timeleft_accept
0013d948 00000140 t AcceptServerConnect
0013da88 00000100 t InitiateTransfer
0013db88 00000034 t wc_data_dtor
0013dbbc 000003c0 t ftp_parse_url_path
0013df80 00000180 t ftp_setup_connection
0013e100 00000078 t ftp_endofresp
0013e178 0000015c t ftp_disconnect
0013e2d4 00000098 t ftp_state_size
0013e36c 0000006c t ftp_state_type
0013e3d8 00000068 t ftp_state_mdtm
0013e440 000002d8 t ftp_state_quote
0013e718 000000dc t ftp_state_prepare_transfer
0013e7f4 000002a0 t ftp_state_type_resp
0013ea94 0000006c t ftp_nb_type
0013eb00 0000006c t ftp_state_loggedin
0013eb6c 000000a8 t ftp_doing
0013ec14 000000d0 t ftp_connect
0013ece4 0000020c T Curl_GetFTPResponse
0013eef0 00000198 t ReceivedServerConnect
0013f088 000000ec t AllowServerConnect
0013f174 00001558 t ftp_statemachine
001406cc 000002e8 t ftp_do_more
001409b4 00000744 t ftp_do
001410f8 000007b8 t ftp_done
001418b0 00000008 t fileinfo_dtor
001418b8 00000124 t ftp_pl_insert_finfo
001419dc 00000028 T Curl_wildcard_init
00141a04 00000088 T Curl_wildcard_dtor
00141a8c 00000018 T Curl_ftp_parselist_data_alloc
00141aa4 0000003c T Curl_ftp_parselist_data_free
00141ae0 00000008 T Curl_ftp_parselist_geterror
00141ae8 00000e68 T Curl_ftp_parselist
00142950 00000038 T curl_getenv
00142988 00000008 t gopher_connect
00142990 0000026c t gopher_do
00142bfc 00000044 t gopher_connecting
00142c40 00000048 t hash_element_dtor
00142c88 00000028 T Curl_hash_init
00142cb0 00000154 T Curl_hash_add
00142e04 000000a0 T Curl_hash_delete
00142ea4 00000080 T Curl_hash_pick
00142f24 0000006c T Curl_hash_destroy
00142f90 000000c0 T Curl_hash_clean_with_criterium
00143050 0000000c T Curl_hash_clean
0014305c 0000004c T Curl_hash_str
001430a8 00000030 T Curl_str_key_compare
001430d8 00000010 T Curl_hash_start_iterate
001430e8 00000084 T Curl_hash_next_element
0014316c 00000314 T Curl_headers_push
00143480 00000050 T Curl_headers_cleanup
001434d0 00000060 t hostcache_timestamp_remove
00143530 0000003c t freednsentry
0014356c 00000090 t create_hostcache_id.constprop.0
001435fc 000001a0 t fetch_addr
0014379c 00000034 T Curl_printable_address
001437d0 000000d8 T Curl_hostcache_prune
001438a8 00000068 T Curl_fetch_addr
00143910 00000268 T Curl_cache_addr
00143b78 0000002c T Curl_host_is_ipnum
00143ba4 00000408 T Curl_resolv
00143fac 00000088 T Curl_resolv_timeout
00144034 000000bc T Curl_resolv_unlock
001440f0 00000030 T Curl_init_dnscache
00144120 00000064 T Curl_hostcache_clean
00144188 000004f0 T Curl_loadhostpairs
00144678 0000001c T Curl_resolv_check
00144694 00000008 T Curl_resolv_getsock
0014469c 00000064 T Curl_once_resolved
00144700 00000010 T Curl_ipvalid
00144710 0000007c T Curl_ipv4_resolve_r
0014478c 00000068 T Curl_getaddrinfo
001447f4 0000009c t pickoneauth
00144890 000000b0 t http_should_fail
00144940 00000020 t http_getsock_do
00144960 00000068 t http_setup_conn
001449c8 00000130 t readmoredata
00144af8 00000228 t http_perhapsrewind
00144d20 00000030 T Curl_http_connect
00144d50 000000dc T Curl_http_done
00144e2c 000000a8 t checkhttpprefix.isra.0
00144ed4 00000060 t checkprotoprefix.isra.0
00144f34 00000074 T Curl_checkProxyheaders
00144fa8 000004a0 t output_auth_headers
00145448 0000010c T Curl_copy_header_value
00145554 00000334 T Curl_http_auth_act
00145888 00000188 T Curl_http_output_auth
00145a10 0000034c T Curl_http_input_auth
00145d5c 000002c0 T Curl_buffer_send
0014601c 000000d4 T Curl_compareheader
001460f0 000000dc t expect100
001461cc 000000e4 T Curl_http_compile_trailers
001462b0 00000364 T Curl_dynhds_add_custom
00146614 0000038c T Curl_add_custom_headers
001469a0 0000012c T Curl_add_timecondition
00146acc 000000d0 T Curl_http_method
00146b9c 0000021c T Curl_http_host
00146db8 00000238 T Curl_http_target
00146ff0 000002bc T Curl_http_body
001472ac 00000818 T Curl_http_bodysend
00147ac4 0000037c T Curl_http_cookies
00147e40 00000144 T Curl_http_range
00147f84 000001b0 T Curl_http_resume
00148134 00000174 T Curl_http_firstwrite
001482a8 000000dc T Curl_transferencode
00148384 0000072c T Curl_http
00148ab0 000008c8 T Curl_http_header
00149378 00000180 T Curl_http_statusline
001494f8 00000090 T Curl_http_size
00149588 0000007c T Curl_bump_headersize
00149604 00000c9c T Curl_http_readwrite_headers
0014a2a0 00000058 T Curl_http_req_free
0014a2f8 00000174 T Curl_http_req_make
0014a46c 0000003c t compare_func
0014a4a8 00000074 t calc_payload_hash
0014a51c 000011d8 T Curl_output_aws_sigv4
0014b6f4 00000018 T Curl_httpchunk_init
0014b70c 00000398 T Curl_httpchunk_read
0014baa4 00000024 T Curl_chunked_strerror
0014bac8 000001a0 T Curl_input_ntlm
0014bc68 000002b8 T Curl_output_ntlm
0014bf20 0000001c T Curl_http_auth_cleanup_ntlm
0014bf3c 0000005c t http_proxy_cf_destroy
0014bf98 000000d4 t http_proxy_cf_close
0014c06c 000001ac t http_proxy_cf_connect
0014c218 00000054 T Curl_cf_http_proxy_get_host
0014c26c 000000a8 T Curl_http_proxy_get_destination
0014c314 00000248 T Curl_http_proxy_create_CONNECT
0014c55c 00000080 T Curl_cf_http_proxy_insert_after
0014c5dc 00000034 T Curl_is_ASCII_name
0014c610 00000014 T Curl_idnconvert_hostname
0014c624 00000008 T Curl_if2ip
0014c62c 00000044 t imap_setup_connection
0014c670 00000070 t imap_is_bchar
0014c6e0 00000154 t imap_sendf
0014c834 00000008 t imap_getsock
0014c83c 000000a0 t imap_multi_statemach
0014c8dc 000000ec t imap_get_message
0014c9c8 00000014 t imap_cancel_authenticate
0014c9dc 000001cc t imap_done
0014cba8 00000034 t imap_continue_authenticate
0014cbdc 000000ec t imap_perform_fetch
0014ccc8 000000bc t imap_matchresp
0014cd84 00000374 t imap_endofresp
0014d0f8 000000f8 t imap_perform_upgrade_tls
0014d1f0 0000012c t imap_atom
0014d31c 000000c4 t imap_perform_list
0014d3e0 0000023c t imap_connect
0014d61c 00000044 t imap_perform_authenticate
0014d660 000000b4 t imap_perform_login
0014d714 000000e4 t imap_perform_authentication
0014d7f8 000008c0 t imap_do
0014e0b8 000000d8 t imap_disconnect
0014e190 0000098c t imap_statemachine
0014eb1c 000000e4 t imap_doing
0014ec00 00000010 t my_md5_final
0014ec10 00000004 t my_md5_update
0014ec14 00000018 t my_md5_init
0014ec2c 00000058 T Curl_md5it
0014ec84 00000094 T Curl_MD5_init
0014ed18 0000001c T Curl_MD5_update
0014ed34 00000044 T Curl_MD5_final
0014ed78 00000010 t mqtt_getsock
0014ed88 00000094 t mqtt_send
0014ee1c 00000090 t mqtt_recv_atleast
0014eeac 00000034 t mqtt_done
0014eee0 00000428 t mqtt_do
0014f308 00000048 t mqtt_setup_conn
0014f350 00000090 t mqtt_get_topic.constprop.0
0014f3e0 00000954 t mqtt_doing
0014fd34 00000508 t parsenetrc
0015023c 000000ac T Curl_parsenetrc
001502e8 00000044 T curlx_nonblock
0015032c 000003c0 T Curl_check_noproxy
001506ec 000000c0 T Curl_pp_state_timeout
001507ac 00000210 T Curl_pp_statemach
001509bc 00000048 T Curl_pp_init
00150a04 0000000c T Curl_pp_setup
00150a10 0000013c T Curl_pp_vsendf
00150b4c 0000002c T Curl_pp_sendf
00150b78 00000374 T Curl_pp_readresp
00150eec 00000020 T Curl_pp_getsock
00150f0c 00000090 T Curl_pp_flushsend
00150f9c 00000030 T Curl_pp_disconnect
00150fcc 00000034 T Curl_pp_moredata
00151000 00000044 t pop3_setup_connection
00151044 00000014 t pop3_cancel_auth
00151058 00000008 t pop3_getsock
00151060 0000009c t pop3_multi_statemach
001510fc 0000006c t pop3_done
00151168 000000ec t pop3_get_message
00151254 00000034 t pop3_continue_auth
00151288 00000060 t pop3_perform_auth
001512e8 000000e0 t pop3_endofresp
001513c8 00000100 t pop3_perform_upgrade_tls
001514c8 00000234 t pop3_connect
001516fc 000000e0 t pop3_perform_apop.part.0
001517dc 000000c8 t pop3_disconnect
001518a4 000001d8 t pop3_do
00151a7c 00000158 t pop3_perform_authentication
00151bd4 0000009c t pop3_doing
00151c70 00000218 T Curl_pop3_write
00151e88 000007a4 t pop3_statemachine
0015262c 00000010 t rtsp_getsock_do
0015263c 00000014 t rtsp_disconnect
00152650 0000003c t rtsp_connect
0015268c 000000b0 t rtsp_done
0015273c 00000050 t rtsp_setup_connection
0015278c 00000a94 t rtsp_do
00153220 00000034 t rtsp_conncheck
00153254 000002a4 t rtsp_rtp_readwrite
001534f8 00000358 T Curl_rtsp_parseheader
00153850 00000014 t my_sha256_init
00153864 00000004 t my_sha256_update
00153868 00000010 t my_sha256_final
00153878 00000050 T Curl_sha256it
001538c8 0000004c t smb_disconnect
00153914 00000014 t smb_getsock
00153928 00000020 t smb_do
00153948 000000e4 t smb_connect
00153a2c 00000144 t smb_setup_connection
00153b70 000001c0 t smb_send_and_recv.constprop.0
00153d30 000000b4 t smb_format_message.isra.0
00153de4 0000008c t smb_send_message.part.0
00153e70 000000e4 t smb_send_open
00153f54 00000134 t smb_send_tree_connect
00154088 000001f4 t smb_send_setup
0015427c 0000020c t smb_connection_state
00154488 00000764 t smb_request_state
00154bec 00000044 t smtp_setup_connection
00154c30 00000014 t smtp_cancel_auth
00154c44 00000008 t smtp_getsock
00154c4c 0000009c t smtp_multi_statemach
00154ce8 000000ec t smtp_get_message
00154dd4 00000034 t smtp_continue_auth
00154e08 00000060 t smtp_perform_auth
00154e68 000000a8 t smtp_perform_authentication
00154f10 000001cc t smtp_done
001550dc 00000108 t smtp_endofresp
001551e4 0000009c t smtp_parse_address.constprop.0
00155280 000000c4 t smtp_perform_rcpt_to
00155344 00000214 t smtp_perform_command
00155558 000005dc t smtp_do
00155b34 00000070 t smtp_parse_url_path.isra.0
00155ba4 00000160 t smtp_connect
00155d04 000000c8 t smtp_disconnect
00155dcc 000000fc t smtp_perform_upgrade_tls
00155ec8 00000924 t smtp_statemachine
001567ec 000000e8 t smtp_doing
001568d4 00000244 T Curl_smtp_escape_eob
00156b18 00000054 t socks_proxy_cf_close
00156b6c 00000030 t socks_proxy_cf_destroy
00156b9c 00000090 t socks_cf_get_select_socks
00156c2c 00000058 t socks_cf_get_host
00156c84 000000a8 t socks_state_recv.isra.0
00156d2c 000000a8 t socks_state_send.isra.0
00156dd4 000011ac t socks_proxy_cf_connect
00157f80 0000004c T Curl_cf_socks_proxy_insert_after
00157fcc 00000034 t telnet_done
00158000 0000016c t send_telnet_data
0015816c 00000548 t printsub.part.0
001586b4 000000f0 t printoption.part.0
001587a4 0000008c t send_negotiation
00158830 00000158 t sendsuboption
00158988 000002d0 t suboption
00158c58 00000eec t telnet_do
00159b44 00000050 t tftp_disconnect
00159b94 00000010 t tftp_getsock
00159ba4 0000016c t tftp_set_timeouts
00159d10 000002f0 t tftp_rx
0015a000 00000064 t tftp_connect_for_rx
0015a064 00000364 t tftp_tx
0015a3c8 00000064 t tftp_connect_for_tx
0015a42c 000001a8 t tftp_connect
0015a5d4 0000008c t tftp_setup_connection
0015a660 0000009c t tftp_translate_code.part.0
0015a6fc 0000004c t tftp_done
0015a748 0000047c t tftp_send_first
0015abc4 00000094 t tftp_state_machine
0015ac58 000005ec t tftp_multi_statemach
0015b244 00000074 t tftp_doing
0015b2b8 000000a8 t tftp_do
0015b360 00000008 T Curl_auth_is_ntlm_supported
0015b368 000001e4 T Curl_auth_decode_ntlm_type2_message
0015b54c 000000e0 T Curl_auth_create_ntlm_type1_message
0015b62c 0000059c T Curl_auth_create_ntlm_type3_message
0015bbc8 0000002c T Curl_auth_cleanup_ntlm
0015bbf4 00000004 t mbedtls_close_all
0015bbf8 00000008 t mbedtls_init
0015bc00 00000004 t mbedtls_cleanup
0015bc04 0000000c t mbedtls_get_internals
0015bc10 00000048 t mbed_send
0015bc58 00000058 t mbed_recv
0015bcb0 0000001c t mbedtls_sha256sum
0015bccc 00000024 t mbedtls_session_free
0015bcf0 00000078 t mbedtls_close
0015bd68 000000e4 t mbedtls_random
0015be4c 000000f4 t mbedtls_bio_cf_read
0015bf40 000000ac t mbedtls_bio_cf_write
0015bfec 00000f70 t mbed_connect_common
0015cf5c 0000000c t mbedtls_connect_nonblocking
0015cf68 0000001c t mbedtls_connect
0015cf84 00000020 t mbedtls_data_pending
0015cfa4 00000050 t mbedtls_version
0015cff4 00000008 T Curl_conn_may_http3
0015cffc 0000007c t cf_h1_proxy_get_select_socks
0015d078 000002f4 t h1_tunnel_go_state
0015d36c 00000094 t cf_h1_proxy_close
0015d400 00000e90 t cf_h1_proxy_connect
0015e290 000000a8 t cf_h1_proxy_destroy
0015e338 0000004c T Curl_cf_h1_proxy_insert_after
0015e384 00000088 t cf_haproxy_close
0015e40c 00000060 t cf_haproxy_get_select_socks
0015e46c 000001bc t cf_haproxy_connect
0015e628 00000078 t cf_haproxy_destroy
0015e6a0 000000a8 T Curl_cf_haproxy_insert_after
0015e748 000001b0 t cf_hc_get_select_socks
0015e8f8 00000158 t cf_get_max_baller_time.isra.0
0015ea50 0000008c t cf_hc_query
0015eadc 000000cc t cf_hc_data_pending
0015eba8 00000090 t cf_hc_reset.isra.0
0015ec38 00000070 t cf_hc_destroy
0015eca8 00000090 t cf_hc_close
0015ed38 000002b0 t baller_connected
0015efe8 000006e4 t cf_hc_connect
0015f6cc 0000013c T Curl_cf_https_setup
0015f808 00000024 t cf_socket_get_host
0015f82c 00000030 t cf_socket_get_select_socks
0015f85c 0000001c t cf_tcp_accept_connect
0015f878 00000070 t socket_open
0015f8e8 000000f0 t cf_socket_query
0015f9d8 00000180 t cf_socket_conn_is_alive
0015fb58 000000fc t conn_set_primary_ip
0015fc54 00000100 t nw_in_read
0015fd54 0000033c t cf_socket_recv
00160090 00000124 t cf_socket_send
001601b8 00000050 t cf_socket_data_pending
00160208 00000098 t socket_close
001602a0 000001c0 t cf_socket_close
00160460 00000078 t cf_socket_destroy
001604d8 00000080 t socket_connect_result
00160558 000003ec t bindlocal.constprop.0
00160944 000000f0 t set_accepted_remote_ip.isra.0
00160a34 000000f0 t set_local_ip.isra.0
00160b24 000002b8 t cf_socket_open
00160de0 0000025c t cf_tcp_connect
0016103c 00000234 t cf_udp_connect
00161270 000000a8 t cf_socket_cntrl
00161318 00000060 T Curl_sock_assign_addr
00161378 00000080 T Curl_socket_open
001613f8 00000028 T Curl_socket_close
00161420 000000f0 T Curl_cf_tcp_create
00161510 000000f0 T Curl_cf_udp_create
00161600 000000f0 T Curl_cf_unix_create
001616f0 0000015c T Curl_conn_tcp_listen_set
0016184c 000000fc T Curl_conn_tcp_accepted_set
00161948 00000030 T Curl_freeaddrinfo
00161978 000001b4 T Curl_getaddrinfo_ex
00161b2c 0000011c T Curl_he2ai
00161c48 000000fc T Curl_ip2addr
00161d44 00000048 T Curl_str2addr
00161d8c 00000008 T Curl_read16_le
00161d94 00000008 T Curl_read32_le
00161d9c 00000010 T Curl_read16_be
00161dac 00000044 T Curl_fnmatch
00161df0 00000044 T Curl_gethostname
00161e34 000000c4 t encrypt_des.isra.0
00161ef8 00000044 T Curl_ntlm_core_lm_resp
00161f3c 0000007c T Curl_ntlm_core_mk_lm_hash
00161fb8 000000c4 T Curl_ntlm_core_mk_nt_hash
0016207c 00000110 T Curl_ntlm_core_mk_ntlmv2_hash
0016218c 000001bc T Curl_ntlm_core_mk_ntlmv2_resp
00162348 00000098 T Curl_ntlm_core_mk_lmv2_resp
001623e0 0000014c T Curl_range
0016252c 000000a4 t get_server_message
001625d0 000000c0 t build_message.isra.0
00162690 00000010 T Curl_sasl_cleanup
001626a0 000000b4 T Curl_sasl_decode_mech
00162754 000000a0 T Curl_sasl_parse_url_auth_option
001627f4 00000094 T Curl_sasl_init
00162888 00000024 T Curl_sasl_can_authenticate
001628ac 00000470 T Curl_sasl_start
00162d1c 00000454 T Curl_sasl_continue
00163170 00000070 t skipqname
001631e0 000000c0 t doh_done
001632a0 0000002c t doh_write_cb
001632cc 000007b0 T Curl_doh
00163a7c 00000c30 T Curl_doh_is_resolved
001646ac 00000020 T Curl_dynhds_init
001646cc 00000074 T Curl_dynhds_free
00164740 00000184 T Curl_dynhds_add
001648c4 0000004c T Curl_dynhds_cadd
00164910 00000200 T Curl_dynhds_h1_add_line
00164b10 00000030 T Curl_dynhds_h1_cadd_line
00164b40 00000088 T Curl_dynhds_h1_dprint
00164bc8 00000018 T Curl_fileinfo_alloc
00164be0 0000002c T Curl_fileinfo_cleanup
00164c0c 00000004 t fseeko_wrapper
00164c10 00000088 t setname
00164c98 000002ec t Curl_getformdata.part.0
00164f84 00000044 T Curl_getformdata
00164fc8 00000168 T Curl_HMAC_init
00165130 0000001c T Curl_HMAC_update
0016514c 0000006c T Curl_HMAC_final
001651b8 0000006c T Curl_hmacit
00165224 000000ac T Curl_h1_req_write_head
001652d0 0000071c t body
001659f0 00000290 T Curl_md4it
00165c80 00000100 T Curl_auth_create_plain_message
00165d80 0000002c T Curl_auth_create_login_message
00165dac 0000002c T Curl_auth_create_external_message
00165dd8 00000150 T Curl_auth_create_cram_md5_message
00165f28 0000008c T Curl_auth_create_oauth_bearer_message
00165fb4 00000058 T Curl_auth_create_xoauth_bearer_message
0016600c 00000100 t prune_head
0016610c 00000164 t get_non_full_tail
00166270 00000028 T Curl_bufq_init
00166298 00000074 T Curl_bufq_free
0016630c 00000044 T Curl_bufq_reset
00166350 0000002c T Curl_bufq_is_empty
0016637c 000000f4 T Curl_bufq_read
00166470 000000a4 T Curl_bufq_sipn
00166514 000000b4 T Curl_bufq_slurp
001665c8 000000a0 T mbedtls_ssl_list_ciphersuites
00166668 00000038 T mbedtls_ssl_ciphersuite_from_id
001666a0 0000003c T mbedtls_ssl_get_ciphersuite_name
001666dc 0000003c T mbedtls_ssl_get_ciphersuite_sig_pk_alg
00166718 0000002c T mbedtls_ssl_get_ciphersuite_sig_alg
00166744 00000030 T mbedtls_ssl_ciphersuite_uses_ec
00166774 00000018 T mbedtls_ssl_ciphersuite_uses_psk
0016678c 0000007c t ssl_hs_is_proper_fragment
00166808 000000d8 t ssl_check_ctr_renegotiate
001668e0 0000005c t ssl_buffering_free_slot.isra.0
0016693c 00000058 T mbedtls_ssl_set_timer
00166994 00000aec T mbedtls_ssl_encrypt_buf
00167480 00000ab4 T mbedtls_ssl_decrypt_buf
00167f34 00000030 T mbedtls_ssl_flight_free
00167f64 00000120 T mbedtls_ssl_recv_flight_completed
00168084 000000c0 T mbedtls_ssl_send_flight_completed
00168144 00000080 T mbedtls_ssl_update_handshake_status
001681c4 00000014 T mbedtls_ssl_dtls_replay_reset
001681d8 000000a4 T mbedtls_ssl_dtls_replay_check
0016827c 00000364 t ssl_parse_record_header
001685e0 000000f0 T mbedtls_ssl_dtls_replay_update
001686d0 00000064 T mbedtls_ssl_update_out_pointers
00168734 000001d8 T mbedtls_ssl_flush_output
0016890c 000000c4 t ssl_swap_epochs.isra.0
001689d0 0000006c T mbedtls_ssl_reset_in_out_pointers
00168a3c 00000014 T mbedtls_ssl_get_bytes_avail
00168a50 000000b8 T mbedtls_ssl_get_record_expansion
00168b08 000000a0 t ssl_get_remaining_payload_in_datagram
00168ba8 00000488 T mbedtls_ssl_write_record
00169030 0000052c T mbedtls_ssl_write_handshake_msg
0016955c 000000c4 T mbedtls_ssl_write_change_cipher_spec
00169620 00000128 T mbedtls_ssl_send_alert_message
00169748 00000164 t ssl_write_real
001698ac 000003f8 T mbedtls_ssl_flight_transmit
00169ca4 0000036c T mbedtls_ssl_prepare_handshake_record
0016a010 00000314 T mbedtls_ssl_handle_message_type
0016a324 00000740 T mbedtls_ssl_fetch_input
0016aa64 00001b2c T mbedtls_ssl_read_record
0016c590 000001ec T mbedtls_ssl_parse_change_cipher_spec
0016c77c 0000067c T mbedtls_ssl_read
0016cdf8 000001b4 T mbedtls_ssl_write
0016cfac 0000003c T mbedtls_ssl_transform_free
0016cfe8 000000ac T mbedtls_ssl_buffering_free
0016d094 00000034 T mbedtls_ssl_write_version
0016d0c8 00000040 T mbedtls_ssl_read_version
0016d108 0000000c t ssl_cookie_write_dummy
0016d114 0000000c t ssl_cookie_check_dummy
0016d120 00000238 t tls_prf_generic
0016d358 00000050 t tls_prf_sha256
0016d3a8 00000050 t tls_prf_sha384
0016d3f8 000003dc t tls1_prf
0016d7d4 00000148 t ssl_calc_finished_tls_sha256
0016d91c 000000c4 t ssl_calc_verify_tls_sha256
0016d9e0 00000150 t ssl_calc_finished_tls_sha384
0016db30 000000c8 t ssl_calc_verify_tls_sha384
0016dbf8 000001a8 t ssl_calc_finished_tls
0016dda0 000000f0 t ssl_calc_verify_tls
0016de90 00000774 t ssl_populate_transform
0016e604 000000bc t ssl_write_hello_request
0016e6c0 0000000c t ssl_update_checksum_sha256
0016e6cc 0000000c t ssl_update_checksum_sha384
0016e6d8 00000034 t ssl_update_checksum_md5sha1
0016e70c 0000005c t ssl_update_checksum_start
0016e768 00000100 T mbedtls_ssl_session_copy
0016e868 000003c0 T mbedtls_ssl_derive_keys
0016ec28 000002c0 T mbedtls_ssl_psk_derive_premaster
0016eee8 00000094 T mbedtls_ssl_resend_hello_request
0016ef7c 00000360 T mbedtls_ssl_write_certificate
0016f2dc 00000044 T mbedtls_ssl_optimize_checksum
0016f320 00000044 T mbedtls_ssl_reset_checksum
0016f364 000002a8 T mbedtls_ssl_write_finished
0016f60c 00000258 T mbedtls_ssl_parse_finished
0016f864 0000000c T mbedtls_ssl_session_init
0016f870 0000000c T mbedtls_ssl_init
0016f87c 00000008 T mbedtls_ssl_conf_authmode
0016f884 0000000c T mbedtls_ssl_conf_rng
0016f890 00000014 T mbedtls_ssl_set_bio
0016f8a4 0000005c T mbedtls_ssl_set_session
0016f900 00000014 T mbedtls_ssl_conf_ciphersuites
0016f914 00000008 T mbedtls_ssl_conf_cert_profile
0016f91c 0000006c T mbedtls_ssl_conf_own_cert
0016f988 0000000c T mbedtls_ssl_conf_ca_chain
0016f994 0000007c T mbedtls_ssl_conf_dh_param_bin
0016fa10 000000d4 T mbedtls_ssl_set_hostname
0016fae4 0000000c T mbedtls_ssl_conf_max_version
0016faf0 0000000c T mbedtls_ssl_conf_min_version
0016fafc 00000008 T mbedtls_ssl_conf_renegotiation
0016fb04 00000008 T mbedtls_ssl_conf_session_tickets
0016fb0c 00000028 T mbedtls_ssl_get_verify_result
0016fb34 00000024 T mbedtls_ssl_get_ciphersuite
0016fb58 00000080 T mbedtls_ssl_get_output_max_frag_len
0016fbd8 0000005c T mbedtls_ssl_get_current_mtu
0016fc34 000000dc T mbedtls_ssl_get_max_out_record_payload
0016fd10 00000018 T mbedtls_ssl_get_peer_cert
0016fd28 00000040 T mbedtls_ssl_get_session
0016fd68 0000014c T mbedtls_ssl_handshake
0016feb4 000000b4 T mbedtls_ssl_handshake_free
0016ff68 0000009c T mbedtls_ssl_handshake_wrapup_free_hs_transform
00170004 000001ac T mbedtls_ssl_handshake_wrapup
001701b0 000001b8 t mbedtls_ssl_free.part.0
00170368 0000027c t ssl_handshake_init
001705e8 00000110 T mbedtls_ssl_setup
001706f8 00000240 T mbedtls_ssl_session_reset_int
00170938 000000fc T mbedtls_ssl_start_renegotiation
00170a34 00000104 T mbedtls_ssl_renegotiate
00170b38 00000044 T mbedtls_ssl_session_free
00170b7c 0000000c T mbedtls_ssl_free
00170b88 0000000c T mbedtls_ssl_config_init
00170b94 000001ec T mbedtls_ssl_config_defaults
00170d80 00000098 T mbedtls_ssl_config_free
00170e18 0000003c T mbedtls_ssl_sig_from_pk
00170e54 0000001c T mbedtls_ssl_sig_from_pk_alg
00170e70 00000018 T mbedtls_ssl_pk_alg_from_sig
00170e88 00000028 T mbedtls_ssl_sig_hash_set_find
00170eb0 00000030 T mbedtls_ssl_sig_hash_set_add
00170ee0 0000000c T mbedtls_ssl_sig_hash_set_const_hash
00170eec 00000018 T mbedtls_ssl_md_alg_from_hash
00170f04 00000018 T mbedtls_ssl_hash_from_md_alg
00170f1c 00000044 T mbedtls_ssl_check_curve
00170f60 00000044 T mbedtls_ssl_check_sig_hash
00170fa4 00000108 T mbedtls_ssl_check_cert_usage
001710ac 000009fc T mbedtls_ssl_parse_certificate
00171aa8 00000078 T mbedtls_ssl_set_calc_verify_md
00171b20 000001e0 T mbedtls_ssl_get_key_exchange_md_ssl_tls
00171d00 00000170 T mbedtls_ssl_get_key_exchange_md_tls1_2
00171e70 0000015c t mbedtls_debug_print_mpi.part.0
00171fcc 00000148 t mbedtls_debug_print_ecp.part.0
00172114 000000b0 T mbedtls_debug_print_msg
001721c4 000000b8 T mbedtls_debug_print_ret
0017227c 000001ec T mbedtls_debug_print_buf
00172468 00000058 T mbedtls_debug_print_mpi
001724c0 000002f4 T mbedtls_debug_print_crt
001727b4 00000110 T mbedtls_debug_printf_ecdh
001728c4 000000d8 t ssl_check_server_ecdh_params
0017299c 00000228 t ssl_write_encrypted_pms
00172bc4 000000b0 t ssl_validate_ciphersuite
00172c74 0000128c t ssl_write_client_hello
00173f00 00002ecc T mbedtls_ssl_handshake_client_step
00176dcc 00000120 t ssl_parse_client_dh_public
00176eec 000021cc t ssl_parse_client_hello
001790b8 000001b4 t ssl_parse_client_psk_identity
0017926c 000002ac t ssl_parse_encrypted_pms
00179518 000026bc T mbedtls_ssl_handshake_server_step
0017bbd4 000000d0 t mbedtls_x509_crl_free.part.0
0017bca4 000006a0 T mbedtls_x509_crl_parse_der
0017c344 00000120 T mbedtls_x509_crl_parse
0017c464 0000005c T mbedtls_x509_crl_parse_file
0017c4c0 0000000c T mbedtls_x509_crl_init
0017c4cc 0000000c T mbedtls_x509_crl_free
0017c4d8 000000b8 t x509_profile_check_key
0017c590 00000178 t mbedtls_x509_crt_free.part.0
0017c708 0000012c t x509_name_cmp
0017c834 00000134 t x509_crt_check_cn
0017c968 00000804 t x509_crt_verify_restartable_ca_cb.constprop.0.isra.0
0017d16c 00000220 T mbedtls_x509_parse_subject_alt_name
0017d38c 00000e04 t mbedtls_x509_crt_parse_der_internal
0017e190 00000024 T mbedtls_x509_crt_parse_der
0017e1b4 000001a4 T mbedtls_x509_crt_parse
0017e358 0000005c T mbedtls_x509_crt_parse_file
0017e3b4 000000ec T mbedtls_x509_crt_parse_path
0017e4a0 00000d34 T mbedtls_x509_crt_info
0017f1d4 0000004c T mbedtls_x509_crt_check_key_usage
0017f220 000000ac T mbedtls_x509_crt_check_extended_key_usage
0017f2cc 00000004 T mbedtls_x509_crt_verify_restartable
0017f2d0 0000000c T mbedtls_x509_crt_init
0017f2dc 0000000c T mbedtls_x509_crt_free
0017f2e8 000000b4 t x509_check_time
0017f39c 00000078 t x509_get_current_time
0017f414 0000007c T mbedtls_x509_get_serial
0017f490 00000014 T mbedtls_x509_get_alg
0017f4a4 00000340 T mbedtls_x509_get_rsassa_pss_params
0017f7e4 00000218 T mbedtls_x509_get_name
0017f9fc 000003ac T mbedtls_x509_get_time
0017fda8 00000064 T mbedtls_x509_get_sig
0017fe0c 000000d4 T mbedtls_x509_get_sig_alg
0017fee0 00000088 T mbedtls_x509_get_ext
0017ff68 00000218 T mbedtls_x509_dn_gets
00180180 00000148 T mbedtls_x509_serial_gets
001802c8 00000140 T mbedtls_x509_sig_alg_gets
00180408 0000003c T mbedtls_x509_key_size_helper
00180444 00000034 T mbedtls_x509_time_is_past
00180478 00000034 T mbedtls_x509_time_is_future
001804ac 00000064 t asn1_get_sequence_of_cb
00180510 00000108 T mbedtls_asn1_get_len
00180618 00000114 t asn1_get_tagged_int
0018072c 00000040 T mbedtls_asn1_get_tag
0018076c 00000088 T mbedtls_asn1_get_bool
001807f4 0000000c T mbedtls_asn1_get_int
00180800 0000007c T mbedtls_asn1_get_mpi
0018087c 000000a4 T mbedtls_asn1_get_bitstring
00180920 0000015c T mbedtls_asn1_traverse_sequence_of
00180a7c 00000084 T mbedtls_asn1_get_bitstring_null
00180b00 00000058 T mbedtls_asn1_get_sequence_of
00180b58 00000130 T mbedtls_asn1_get_alg
00180c88 00000054 T mbedtls_asn1_get_alg_null
00180cdc 00000218 t mpi_mul_hlp
00180ef4 000000c0 t mpi_fill_random_internal
00180fb4 00000014 T mbedtls_mpi_init
00180fc8 00000040 T mbedtls_mpi_free
00181008 00000090 T mbedtls_mpi_grow
00181098 000000b4 t mbedtls_mpi_resize_clear
0018114c 000000cc T mbedtls_mpi_shrink
00181218 000000f4 T mbedtls_mpi_copy
0018130c 00000098 T mbedtls_mpi_lset
001813a4 00000028 T mbedtls_mpi_get_bit
001813cc 00000074 T mbedtls_mpi_set_bit
00181440 00000064 T mbedtls_mpi_lsb
001814a4 00000078 T mbedtls_mpi_bitlen
0018151c 00000014 T mbedtls_mpi_size
00181530 00000068 T mbedtls_mpi_read_binary_le
00181598 000000a4 T mbedtls_mpi_read_binary
0018163c 00000104 T mbedtls_mpi_write_binary_le
00181740 000000b8 T mbedtls_mpi_write_binary
001817f8 000000fc T mbedtls_mpi_shift_l
001818f4 00000124 T mbedtls_mpi_shift_r
00181a18 000000c8 T mbedtls_mpi_cmp_abs
00181ae0 00000104 T mbedtls_mpi_cmp_mpi
00181be4 00000038 T mbedtls_mpi_cmp_int
00181c1c 00000128 T mbedtls_mpi_add_abs
00181d44 00000188 T mbedtls_mpi_sub_abs
00181ecc 000000ac t add_sub_mpi
00181f78 00000008 T mbedtls_mpi_add_mpi
00181f80 00000008 T mbedtls_mpi_sub_mpi
00181f88 00000038 T mbedtls_mpi_add_int
00181fc0 0000003c T mbedtls_mpi_sub_int
00181ffc 00000200 T mbedtls_mpi_mul_mpi
001821fc 000000d0 T mbedtls_mpi_mul_int
001822cc 000008c4 T mbedtls_mpi_div_mpi
00182b90 000000fc T mbedtls_mpi_mod_mpi
00182c8c 000000b8 T mbedtls_mpi_mod_int
00182d44 000000a8 t mpi_check_small_factors
00182dec 0000003c T mbedtls_mpi_montmul_init
00182e28 00000198 T mbedtls_mpi_montmul
00182fc0 0000008c T mbedtls_mpi_get_mont_r2_unsafe
0018304c 00000a0c T mbedtls_mpi_exp_mod
00183a58 000006cc t mpi_miller_rabin
00184124 0000046c T mbedtls_mpi_gcd
00184590 00000054 T mbedtls_mpi_fill_random
001845e4 000001ac T mbedtls_mpi_random
00184790 00000cb4 T mbedtls_mpi_inv_mod
00185444 000000d0 T mbedtls_mpi_is_prime_ext
00185514 00000038 t add_pkcs_padding
0018554c 00000044 t add_one_and_zeros_padding
00185590 00000048 t add_zeros_and_len_padding
001855d8 00000020 t add_zeros_padding
001855f8 00000020 t get_no_padding
00185618 000000b0 t get_zeros_and_len_padding
001856c8 000000b4 t get_pkcs_padding
0018577c 000000bc t get_one_and_zeros_padding
00185838 000000f8 t mbedtls_cipher_aead_encrypt
00185930 00000160 t mbedtls_cipher_aead_decrypt
00185a90 00000084 t get_zeros_padding
00185b14 00000040 T mbedtls_cipher_info_from_type
00185b54 00000064 T mbedtls_cipher_info_from_values
00185bb8 0000000c T mbedtls_cipher_init
00185bc4 00000054 T mbedtls_cipher_free
00185c18 00000074 T mbedtls_cipher_setup
00185c8c 0000008c T mbedtls_cipher_setkey
00185d18 000000dc T mbedtls_cipher_set_iv
00185df4 00000024 T mbedtls_cipher_reset
00185e18 000003dc T mbedtls_cipher_update
001861f4 00000164 T mbedtls_cipher_finish
00186358 000000d8 T mbedtls_cipher_set_padding_mode
00186430 0000009c T mbedtls_cipher_crypt
001864cc 00000074 T mbedtls_cipher_auth_encrypt_ext
00186540 00000068 T mbedtls_cipher_auth_decrypt_ext
001865a8 00000018 t chachapoly_ctx_free
001865c0 00000024 t chachapoly_ctx_alloc
001865e4 0000002c t chachapoly_setkey_wrap
00186610 00000018 t chacha20_ctx_free
00186628 00000024 t chacha20_ctx_alloc
0018664c 0000002c t chacha20_setkey_wrap
00186678 0000001c t chacha20_stream_wrap
00186694 00000018 t des3_ctx_free
001866ac 00000024 t des3_ctx_alloc
001866d0 00000004 t des3_set3key_dec_wrap
001866d4 00000004 t des3_set3key_enc_wrap
001866d8 00000004 t des3_crypt_cbc_wrap
001866dc 0000000c t des3_crypt_ecb_wrap
001866e8 00000004 t des3_set2key_dec_wrap
001866ec 00000004 t des3_set2key_enc_wrap
001866f0 00000018 t des_ctx_free
00186708 00000024 t des_ctx_alloc
0018672c 00000004 t des_setkey_dec_wrap
00186730 00000004 t des_setkey_enc_wrap
00186734 00000004 t des_crypt_cbc_wrap
00186738 0000000c t des_crypt_ecb_wrap
00186744 00000018 t ccm_ctx_free
0018675c 00000024 t ccm_ctx_alloc
00186780 00000014 t ccm_camellia_setkey_wrap
00186794 00000014 t ccm_aes_setkey_wrap
001867a8 00000018 t gcm_ctx_free
001867c0 00000024 t gcm_ctx_alloc
001867e4 00000014 t gcm_camellia_setkey_wrap
001867f8 00000014 t gcm_aes_setkey_wrap
0018680c 00000018 t camellia_ctx_free
00186824 00000024 t camellia_ctx_alloc
00186848 00000004 t camellia_setkey_dec_wrap
0018684c 00000004 t camellia_setkey_enc_wrap
00186850 00000004 t camellia_crypt_ctr_wrap
00186854 00000004 t camellia_crypt_cfb128_wrap
00186858 00000004 t camellia_crypt_cbc_wrap
0018685c 00000004 t camellia_crypt_ecb_wrap
00186860 00000018 t blowfish_ctx_free
00186878 00000028 t blowfish_ctx_alloc
001868a0 00000004 t blowfish_setkey_wrap
001868a4 00000004 t blowfish_crypt_ctr_wrap
001868a8 00000004 t blowfish_crypt_cfb64_wrap
001868ac 00000004 t blowfish_crypt_cbc_wrap
001868b0 00000004 t blowfish_crypt_ecb_wrap
001868b4 00000018 t arc4_ctx_free
001868cc 00000024 t arc4_ctx_alloc
001868f0 00000028 t arc4_setkey_wrap
00186918 00000004 t arc4_crypt_stream_wrap
0018691c 00000024 t xts_aes_ctx_alloc
00186940 00000004 t xts_aes_setkey_dec_wrap
00186944 00000004 t xts_aes_setkey_enc_wrap
00186948 00000030 t aes_crypt_xts_wrap
00186978 00000018 t aes_ctx_free
00186990 00000024 t aes_ctx_alloc
001869b4 00000004 t aes_setkey_dec_wrap
001869b8 00000004 t aes_setkey_enc_wrap
001869bc 00000004 t aes_crypt_ctr_wrap
001869c0 00000004 t aes_crypt_ofb_wrap
001869c4 00000004 t aes_crypt_cfb128_wrap
001869c8 00000004 t aes_crypt_cbc_wrap
001869cc 00000004 t aes_crypt_ecb_wrap
001869d0 0000001c t xts_aes_ctx_free
001869ec 00000048 T mbedtls_ct_memcmp
00186a34 00000010 T mbedtls_ct_uint_mask
00186a44 00000010 T mbedtls_ct_size_mask
00186a54 00000014 T mbedtls_ct_size_mask_ge
00186a68 00000018 T mbedtls_ct_size_bool_eq
00186a80 00000018 T mbedtls_ct_uint_if
00186a98 00000044 T mbedtls_ct_mpi_uint_cond_assign
00186adc 000000c0 T mbedtls_ct_base64_dec_value
00186b9c 0000008c T mbedtls_ct_memcpy_offset
00186c28 00000210 T mbedtls_ct_hmac
00186e38 000000c0 T mbedtls_mpi_safe_cond_assign
00186ef8 000000dc T mbedtls_mpi_safe_cond_swap
00186fd4 000000c4 T mbedtls_mpi_lt_mpi_ct
00187098 00000254 T mbedtls_ct_rsaes_pkcs1_v15_unpadding
001872ec 00000274 t block_cipher_df
00187560 000000ec t ctr_drbg_update_internal
0018764c 00000118 t mbedtls_ctr_drbg_reseed_internal
00187764 0000002c T mbedtls_ctr_drbg_init
00187790 00000038 T mbedtls_ctr_drbg_free
001877c8 000000b4 T mbedtls_ctr_drbg_seed
0018787c 0000017c T mbedtls_ctr_drbg_random_with_add
001879f8 0000001c T mbedtls_ctr_drbg_random
00187a14 0000000c T mbedtls_des_init
00187a20 00000010 T mbedtls_des_free
00187a30 0000000c T mbedtls_des3_init
00187a3c 00000010 T mbedtls_des3_free
00187a4c 00000028 T mbedtls_des_key_set_parity
00187a74 000003b0 T mbedtls_des_setkey
00187e24 00000090 t des3_set2key
00187eb4 00000090 t des3_set3key
00187f44 00000010 T mbedtls_des_setkey_enc
00187f54 00000040 T mbedtls_des_setkey_dec
00187f94 0000002c T mbedtls_des3_set2key_enc
00187fc0 00000034 T mbedtls_des3_set2key_dec
00187ff4 0000002c T mbedtls_des3_set3key_enc
00188020 00000034 T mbedtls_des3_set3key_dec
00188054 00000290 T mbedtls_des_crypt_ecb
001882e4 0000012c T mbedtls_des_crypt_cbc
00188410 00000504 T mbedtls_des3_crypt_ecb
00188914 0000012c T mbedtls_des3_crypt_cbc
00188a40 00000060 t dhm_read_bignum
00188aa0 00000078 t dhm_check_range
00188b18 00000068 t mbedtls_dhm_free.part.0
00188b80 00000114 t dhm_make_common
00188c94 0000000c T mbedtls_dhm_init
00188ca0 00000084 T mbedtls_dhm_read_params
00188d24 00000110 T mbedtls_dhm_make_params
00188e34 00000054 T mbedtls_dhm_set_group
00188e88 00000038 T mbedtls_dhm_read_public
00188ec0 00000080 T mbedtls_dhm_make_public
00188f40 000003a0 T mbedtls_dhm_calc_secret
001892e0 0000000c T mbedtls_dhm_free
001892ec 00000098 t ecdh_compute_shared_restartable.constprop.0
00189384 00000050 T mbedtls_ecdh_init
001893d4 0000001c T mbedtls_ecdh_setup
001893f0 00000050 T mbedtls_ecdh_free
00189440 000000e0 T mbedtls_ecdh_make_params
00189520 00000074 T mbedtls_ecdh_read_params
00189594 00000090 T mbedtls_ecdh_get_params
00189624 000000a8 T mbedtls_ecdh_make_public
001896cc 0000004c T mbedtls_ecdh_read_public
00189718 000000bc T mbedtls_ecdh_calc_secret
001897d4 00000004 t ecp_drbg_random
001897d8 00000088 t ecp_drbg_seed
00189860 000000fc t ecp_modp
0018995c 00000034 t mbedtls_mpi_mul_mod
00189990 00000074 t ecp_safe_invert_jac
00189a04 0000009c t ecp_select_comb
00189aa0 00000078 t mbedtls_mpi_sub_mod
00189b18 00000068 t mbedtls_mpi_shift_l_mod.constprop.0
00189b80 000000bc t ecp_randomize_mxz
00189c3c 00000140 t ecp_normalize_jac
00189d7c 00000304 t ecp_normalize_jac_many
0018a080 00000154 t ecp_randomize_jac
0018a1d4 00000580 t ecp_double_jac
0018a754 0000050c t ecp_add_mixed
0018ac60 000007a8 t ecp_mul_comb.isra.0
0018b408 00000058 T mbedtls_ecp_grp_id_list
0018b460 00000034 T mbedtls_ecp_curve_info_from_grp_id
0018b494 00000030 T mbedtls_ecp_curve_info_from_tls_id
0018b4c4 00000028 T mbedtls_ecp_get_type
0018b4ec 00000020 T mbedtls_ecp_point_init
0018b50c 0000006c T mbedtls_ecp_group_init
0018b578 00000030 T mbedtls_ecp_keypair_init
0018b5a8 00000024 T mbedtls_ecp_point_free
0018b5cc 000000bc T mbedtls_ecp_group_free
0018b688 00000034 T mbedtls_ecp_keypair_free
0018b6bc 0000003c T mbedtls_ecp_copy
0018b6f8 00000008 T mbedtls_ecp_group_copy
0018b700 0000001c T mbedtls_ecp_is_zero
0018b71c 00000164 T mbedtls_ecp_point_write_binary
0018b880 0000018c T mbedtls_ecp_point_read_binary
0018ba0c 0000005c T mbedtls_ecp_tls_read_point
0018ba68 00000060 T mbedtls_ecp_tls_write_point
0018bac8 0000008c T mbedtls_ecp_tls_read_group_id
0018bb54 0000006c T mbedtls_ecp_tls_write_group
0018bbc0 00000380 T mbedtls_ecp_check_pubkey
0018bf40 000000c4 T mbedtls_ecp_check_privkey
0018c004 000007a4 T mbedtls_ecp_mul_restartable
0018c7a8 0000002c T mbedtls_ecp_mul
0018c7d4 000001ac t mbedtls_ecp_mul_shortcuts
0018c980 000000f4 T mbedtls_ecp_muladd_restartable
0018ca74 0000010c T mbedtls_ecp_gen_privkey
0018cb80 000001a8 T mbedtls_ecp_check_pub_priv
0018cd28 00000178 t ecp_mod_p448
0018cea0 000000fc t ecp_mod_p255
0018cf9c 000000b0 t ecp_mod_p521
0018d04c 0000063c t ecp_mod_p384
0018d688 00000178 t ecp_mod_koblitz.constprop.0
0018d800 00000010 t ecp_mod_p192k1
0018d810 00000010 t ecp_mod_p224k1
0018d820 00000010 t ecp_mod_p256k1
0018d830 00000334 t ecp_mod_p224
0018db64 000001d4 t ecp_mod_p192
0018dd38 000004fc t ecp_mod_p256
0018e234 00000760 T mbedtls_ecp_group_load
0018e994 00000028 T mbedtls_hardware_poll
0018e9bc 000000d0 t entropy_update
0018ea8c 000000e4 t entropy_gather_internal.part.0
0018eb70 00000198 t mbedtls_entropy_func.part.0
0018ed08 00000068 T mbedtls_entropy_init
0018ed70 0000003c T mbedtls_entropy_free
0018edac 00000014 T mbedtls_entropy_func
0018edc0 00000e60 T mbedtls_high_level_strerr
0018fc20 00000470 T mbedtls_low_level_strerr
00190090 00000108 T mbedtls_strerror
00190198 00000198 t gcm_mult
00190330 0000000c T mbedtls_gcm_init
0019033c 000001e0 T mbedtls_gcm_setkey
0019051c 00000214 T mbedtls_gcm_starts
00190730 00000180 T mbedtls_gcm_update
001908b0 00000128 T mbedtls_gcm_finish
001909d8 00000074 T mbedtls_gcm_crypt_and_tag
00190a4c 0000009c T mbedtls_gcm_auth_decrypt
00190ae8 00000020 T mbedtls_gcm_free
00190b08 00000024 T mbedtls_hmac_drbg_init
00190b2c 0000012c T mbedtls_hmac_drbg_update_ret
00190c58 0000010c t hmac_drbg_reseed_core
00190d64 00000074 T mbedtls_hmac_drbg_seed_buf
00190dd8 00000148 T mbedtls_hmac_drbg_random_with_add
00190f20 0000001c T mbedtls_hmac_drbg_random
00190f3c 0000002c T mbedtls_hmac_drbg_free
00190f68 0000000c T mbedtls_md_list
00190f74 00000020 T mbedtls_md_info_from_type
00190f94 00000014 T mbedtls_md_init
00190fa8 000000b8 T mbedtls_md_free
00191060 000000d4 T mbedtls_md_clone
00191134 00000144 T mbedtls_md_setup
00191278 0000008c T mbedtls_md_starts
00191304 0000006c T mbedtls_md_update
00191370 0000006c T mbedtls_md_finish
001913dc 00000070 T mbedtls_md
0019144c 00000150 T mbedtls_md_hmac_starts
0019159c 00000030 T mbedtls_md_hmac_update
001915cc 000000ac T mbedtls_md_hmac_finish
00191678 00000054 T mbedtls_md_hmac_reset
001916cc 0000000c T mbedtls_md_get_size
001916d8 0000000c T mbedtls_md_get_type
001916e4 0000000c T mbedtls_md_get_name
001916f0 0000000c T mbedtls_md5_init
001916fc 00000010 T mbedtls_md5_free
0019170c 00000010 T mbedtls_md5_clone
0019171c 00000044 T mbedtls_md5_starts_ret
00191760 00000b28 T mbedtls_internal_md5_process
00192288 00000104 t mbedtls_md5_update_ret.part.0
0019238c 00000020 T mbedtls_md5_update_ret
001923ac 00000130 T mbedtls_md5_finish_ret
001924e0 00000088 T mbedtls_md5_ret
00192568 00000068 T mbedtls_oid_get_attr_short_name
001925d0 00000068 T mbedtls_oid_get_x509_ext_type
00192638 00000068 T mbedtls_oid_get_extended_key_usage
001926a0 00000064 T mbedtls_oid_get_certificate_policies
00192704 00000068 T mbedtls_oid_get_sig_alg_desc
0019276c 00000074 T mbedtls_oid_get_sig_alg
001927e0 00000068 T mbedtls_oid_get_pk_alg
00192848 0000004c T mbedtls_oid_get_oid_by_pk_alg
00192894 00000068 T mbedtls_oid_get_ec_grp
001928fc 0000004c T mbedtls_oid_get_oid_by_ec_grp
00192948 00000068 T mbedtls_oid_get_cipher_alg
001929b0 00000068 T mbedtls_oid_get_md_alg
00192a18 0000004c T mbedtls_oid_get_oid_by_md
00192a64 00000068 T mbedtls_oid_get_md_hmac
00192acc 00000074 T mbedtls_oid_get_pkcs12_pbe_alg
00192b40 00000158 T mbedtls_oid_get_numeric_string
00192c98 00000160 t pem_pbkdf1
00192df8 0000009c t pem_des3_decrypt
00192e94 000000a0 t pem_aes_decrypt
00192f34 00000014 T mbedtls_pem_init
00192f48 000006d4 T mbedtls_pem_read_buffer
0019361c 0000003c T mbedtls_pem_free
00193658 00000010 T mbedtls_pk_init
00193668 00000034 T mbedtls_pk_free
0019369c 00000020 T mbedtls_pk_info_from_type
001936bc 00000054 T mbedtls_pk_setup
00193710 00000028 T mbedtls_pk_can_do
00193738 000000b4 T mbedtls_pk_verify_restartable
001937ec 0000002c T mbedtls_pk_verify
00193818 00000164 T mbedtls_pk_verify_ext
0019397c 000000d0 T mbedtls_pk_sign_restartable
00193a4c 0000003c T mbedtls_pk_sign
00193a88 00000054 T mbedtls_pk_decrypt
00193adc 00000054 T mbedtls_pk_encrypt
00193b30 00000028 T mbedtls_pk_get_bitlen
00193b58 00000044 T mbedtls_pk_debug
00193b9c 00000028 T mbedtls_pk_get_name
00193bc4 00000018 T mbedtls_pk_get_type
00193bdc 00000014 t rsa_can_do
00193bf0 0000003c t rsa_debug
00193c2c 00000014 t eckey_can_do
00193c40 00000008 t eckey_get_bitlen
00193c48 00000020 t eckey_debug
00193c68 00000014 t eckeydh_can_do
00193c7c 00000010 t ecdsa_can_do
00193c8c 00000018 t rsa_free_wrap
00193ca4 0000002c t rsa_alloc_wrap
00193cd0 00000004 t rsa_check_pair_wrap
00193cd4 00000070 t rsa_encrypt_wrap
00193d44 00000070 t rsa_decrypt_wrap
00193db4 00000054 t rsa_sign_wrap
00193e08 00000080 t rsa_verify_wrap
00193e88 00000068 t rsa_get_bitlen
00193ef0 00000018 t eckey_free_wrap
00193f08 00000024 t eckey_alloc_wrap
00193f2c 00000004 t eckey_check_pair
00193f30 00000024 t ecdsa_alloc_wrap
00193f54 00000018 t ecdsa_free_wrap
00193f6c 00000004 t ecdsa_sign_wrap
00193f70 00000084 t eckey_sign_wrap
00193ff4 00000038 t ecdsa_verify_wrap
0019402c 0000007c t eckey_verify_wrap
001940a8 00000154 t pk_get_rsapubkey
001941fc 00000038 t asn1_get_nonzero_mpi
00194234 0000009c t pk_get_pk_alg
001942d0 000004ac t pk_use_ecparams
0019477c 000002b8 t pk_parse_key_sec1_der
00194a34 00000324 t pk_parse_key_pkcs1_der
00194d58 000001cc t pk_parse_key_pkcs8_unencrypted_der
00194f24 000001d4 t pk_parse_key_pkcs8_encrypted_der
001950f8 0000010c T mbedtls_pk_load_file
00195204 000001dc T mbedtls_pk_parse_subpubkey
001953e0 00000408 T mbedtls_pk_parse_key
001957e8 000000a4 T mbedtls_pk_parse_keyfile
0019588c 00000084 t pk_write_ec_pubkey
00195910 000001a4 T mbedtls_pk_write_pubkey
00195ab4 000001b8 T mbedtls_pk_write_pubkey_der
00195c6c 0000001c T mbedtls_platform_zeroize
00195c88 00000060 T mbedtls_platform_gmtime_r
00195ce8 0000000c T mbedtls_ripemd160_init
00195cf4 00000010 T mbedtls_ripemd160_free
00195d04 00000010 T mbedtls_ripemd160_clone
00195d14 00000050 T mbedtls_ripemd160_starts_ret
00195d64 00001e5c T mbedtls_internal_ripemd160_process
00197bc0 00000104 t mbedtls_ripemd160_update_ret.part.0
00197cc4 00000020 T mbedtls_ripemd160_update_ret
00197ce4 00000114 T mbedtls_ripemd160_finish_ret
00197df8 00000094 T mbedtls_ripemd160_ret
00197e8c 00000118 t mgf_mask
00197fa4 000001cc t rsa_rsassa_pkcs1_v15_encode
00198170 00000074 t mbedtls_rsa_free.part.0
001981e4 00000130 t rsa_check_context.isra.0
00198314 000000c8 T mbedtls_rsa_import
001983dc 000000d4 T mbedtls_rsa_import_raw
001984b0 0000028c T mbedtls_rsa_complete
0019873c 00000160 T mbedtls_rsa_export
0019889c 00000028 T mbedtls_rsa_init
001988c4 00000008 T mbedtls_rsa_get_len
001988cc 0000007c T mbedtls_rsa_check_pubkey
00198948 000000a4 T mbedtls_rsa_check_privkey
001989ec 0000005c T mbedtls_rsa_check_pub_priv
00198a48 000000f4 T mbedtls_rsa_public
00198b3c 000008e0 T mbedtls_rsa_private
0019941c 000002b4 t rsa_rsassa_pss_sign
001996d0 00000238 T mbedtls_rsa_rsaes_oaep_encrypt
00199908 000001c8 T mbedtls_rsa_rsaes_pkcs1_v15_encrypt
00199ad0 00000060 T mbedtls_rsa_pkcs1_encrypt
00199b30 00000260 T mbedtls_rsa_rsaes_oaep_decrypt
00199d90 000000d4 T mbedtls_rsa_rsaes_pkcs1_v15_decrypt
00199e64 0000006c T mbedtls_rsa_pkcs1_decrypt
00199ed0 000001b4 T mbedtls_rsa_rsassa_pkcs1_v15_sign
0019a084 00000068 T mbedtls_rsa_pkcs1_sign
0019a0ec 000002a8 T mbedtls_rsa_rsassa_pss_verify_ext
0019a394 00000170 T mbedtls_rsa_rsassa_pkcs1_v15_verify
0019a504 00000080 T mbedtls_rsa_pkcs1_verify
0019a584 0000000c T mbedtls_rsa_free
0019a590 00000308 T mbedtls_rsa_deduce_primes
0019a898 00000134 T mbedtls_rsa_deduce_private_exponent
0019a9cc 000001c0 T mbedtls_rsa_validate_crt
0019ab8c 000002f4 T mbedtls_rsa_validate_params
0019ae80 000000d0 T mbedtls_rsa_deduce_crt
0019af50 0000000c T mbedtls_sha1_init
0019af5c 00000010 T mbedtls_sha1_free
0019af6c 00000010 T mbedtls_sha1_clone
0019af7c 00000050 T mbedtls_sha1_starts_ret
0019afcc 00001368 T mbedtls_internal_sha1_process
0019c334 00000104 t mbedtls_sha1_update_ret.part.0
0019c438 00000020 T mbedtls_sha1_update_ret
0019c458 0000015c T mbedtls_sha1_finish_ret
0019c5b8 00000094 T mbedtls_sha1_ret
0019c64c 0000000c T mbedtls_sha256_init
0019c658 00000010 T mbedtls_sha256_free
0019c668 00000010 T mbedtls_sha256_clone
0019c678 000000c8 T mbedtls_sha256_starts_ret
0019c740 000009c0 T mbedtls_internal_sha256_process
0019d100 00000104 t mbedtls_sha256_update_ret.part.0
0019d204 00000020 T mbedtls_sha256_update_ret
0019d224 000001d4 T mbedtls_sha256_finish_ret
0019d3f8 00000120 T mbedtls_sha256_ret
0019d518 0000000c T mbedtls_sha512_init
0019d524 00000010 T mbedtls_sha512_free
0019d534 00000010 T mbedtls_sha512_clone
0019d548 00000110 T mbedtls_sha512_starts_ret
0019d658 00000d08 T mbedtls_internal_sha512_process
0019e360 00000110 t mbedtls_sha512_update_ret.part.0
0019e470 00000020 T mbedtls_sha512_update_ret
0019e490 0000034c T mbedtls_sha512_finish_ret
0019e7e0 00000178 T mbedtls_sha512_ret
0019e958 0000000c T mbedtls_version_get_number
0019e964 00000348 t aes_gen_tables
0019ecac 00000058 t mbedtls_gf128mul_x_ble
0019ed04 0000000c T mbedtls_aes_init
0019ed10 00000010 T mbedtls_aes_free
0019ed20 00000028 T mbedtls_aes_xts_init
0019ed48 00000024 T mbedtls_aes_xts_free
0019ed6c 000002d4 T mbedtls_aes_setkey_enc
0019f040 00000190 T mbedtls_aes_setkey_dec
0019f1d0 0000005c T mbedtls_aes_xts_setkey_enc
0019f22c 0000005c T mbedtls_aes_xts_setkey_dec
0019f288 000004fc T mbedtls_internal_aes_encrypt
0019f784 00000500 T mbedtls_internal_aes_decrypt
0019fc84 0000002c T mbedtls_aes_crypt_ecb
0019fcb0 00000154 T mbedtls_aes_crypt_cbc
0019fe04 00000224 T mbedtls_aes_crypt_xts
001a0028 000000e0 T mbedtls_aes_crypt_cfb128
001a0108 00000084 T mbedtls_aes_crypt_ofb
001a018c 000000ac T mbedtls_aes_crypt_ctr
001a0238 0000000c T mbedtls_arc4_init
001a0244 00000010 T mbedtls_arc4_free
001a0254 00000088 T mbedtls_arc4_setup
001a02dc 00000078 T mbedtls_arc4_crypt
001a0354 00000188 T mbedtls_asn1_write_len
001a04dc 00000024 T mbedtls_asn1_write_tag
001a0500 000000e0 T mbedtls_asn1_write_mpi
001a05e0 00000088 T mbedtls_asn1_write_oid
001a0668 000000d4 T mbedtls_asn1_write_algorithm_identifier_ext
001a073c 00000024 T mbedtls_asn1_write_algorithm_identifier
001a0760 00000248 T mbedtls_base64_decode
001a09a8 00000098 t blowfish_enc
001a0a40 00000010 T mbedtls_blowfish_init
001a0a50 00000014 T mbedtls_blowfish_free
001a0a64 000001a0 T mbedtls_blowfish_setkey
001a0c04 000000e0 T mbedtls_blowfish_crypt_ecb
001a0ce4 0000012c T mbedtls_blowfish_crypt_cbc
001a0e10 000000e8 T mbedtls_blowfish_crypt_cfb64
001a0ef8 000000b0 T mbedtls_blowfish_crypt_ctr
001a0fa8 000000c8 t camellia_feistel
001a1070 0000000c T mbedtls_camellia_init
001a107c 00000010 T mbedtls_camellia_free
001a108c 0000066c T mbedtls_camellia_setkey_enc
001a16f8 0000011c T mbedtls_camellia_setkey_dec
001a1814 00000178 T mbedtls_camellia_crypt_ecb
001a198c 0000014c T mbedtls_camellia_crypt_cbc
001a1ad8 000000e8 T mbedtls_camellia_crypt_cfb128
001a1bc0 000000b0 T mbedtls_camellia_crypt_ctr
001a1c70 000004cc t ccm_auth_crypt
001a213c 0000000c T mbedtls_ccm_init
001a2148 00000070 T mbedtls_ccm_setkey
001a21b8 00000020 T mbedtls_ccm_free
001a21d8 00000064 T mbedtls_ccm_encrypt_and_tag
001a223c 0000009c T mbedtls_ccm_auth_decrypt
001a22d8 000003b8 t chacha20_block
001a2690 00000028 T mbedtls_chacha20_init
001a26b8 00000010 T mbedtls_chacha20_free
001a26c8 00000080 T mbedtls_chacha20_setkey
001a2748 00000044 T mbedtls_chacha20_starts
001a278c 000001a8 T mbedtls_chacha20_update
001a2934 00000034 T mbedtls_chachapoly_init
001a2968 00000038 T mbedtls_chachapoly_free
001a29a0 00000004 T mbedtls_chachapoly_setkey
001a29a4 0000009c T mbedtls_chachapoly_starts
001a2a40 0000010c T mbedtls_chachapoly_update
001a2b4c 0000010c T mbedtls_chachapoly_finish
001a2c58 000000a0 T mbedtls_chachapoly_encrypt_and_tag
001a2cf8 000000d0 T mbedtls_chachapoly_auth_decrypt
001a2dc8 0000009c t derive_mpi
001a2e64 00000258 t ecdsa_sign_restartable.part.0
001a30bc 00000200 t ecdsa_verify_restartable.isra.0
001a32bc 00000208 t ecdsa_sign_det_restartable.isra.0
001a34c4 00000128 T mbedtls_ecdsa_write_signature_restartable
001a35ec 0000003c T mbedtls_ecdsa_write_signature
001a3628 00000100 T mbedtls_ecdsa_read_signature_restartable
001a3728 00000024 T mbedtls_ecdsa_read_signature
001a374c 0000005c T mbedtls_ecdsa_from_keypair
001a37a8 00000004 T mbedtls_ecdsa_init
001a37ac 0000000c T mbedtls_ecdsa_free
001a37b8 00000414 T mbedtls_pkcs12_derivation
001a3bcc 000001a0 t pkcs12_pbe_derive_key_iv
001a3d6c 00000098 T mbedtls_pkcs12_pbe_sha1_rc4_128
001a3e04 000001f4 T mbedtls_pkcs12_pbe_ext
001a3ff8 00000054 T mbedtls_pkcs12_pbe
001a404c 000001e4 T mbedtls_pkcs5_pbkdf2_hmac
001a4230 0000037c T mbedtls_pkcs5_pbes2_ext
001a45ac 00000044 T mbedtls_pkcs5_pbes2
001a45f0 00000228 t poly1305_process
001a4818 00000008 T mbedtls_poly1305_init
001a4820 00000010 T mbedtls_poly1305_free
001a4830 0000008c T mbedtls_poly1305_starts
001a48bc 000000dc T mbedtls_poly1305_update
001a4998 00000134 T mbedtls_poly1305_finish
001a4acc 00000130 t updatewindow
001a4bfc 0000005c t inflateStateCheck
001a4c58 0000009c T inflateResetKeep
001a4cf4 000000d0 T inflateReset2
001a4dc4 000000fc T inflateInit2_
001a4ec0 00000010 T inflateInit_
001a4ed0 000018cc T inflate
001a679c 00000060 T inflateEnd
001a67fc 000004f0 T inflate_table
001a6cec 0000000c T zlibVersion
001a6cf8 00000008 T zcalloc
001a6d00 00000008 T zcfree
001a6d08 00000360 T adler32_z
001a7068 00000004 T adler32
001a706c 0000038c T crc32_z
001a73f8 00000004 T crc32
001a73fc 000005b0 T inflate_fast
001a79ac 00000044 t C2Di_FrameEndHook
001a79f0 00000368 T C2D_Init
001a7d58 0000004c T C2D_Fini
001a7da4 000000bc T C2D_Prepare
001a7e60 00000048 T C2D_Flush
001a7ea8 000000fc T C2D_SceneSize
001a7fa4 00000060 T C2D_TargetClear
001a8004 00000054 T C2Di_AppendQuad
001a8058 00000040 T C2Di_AppendVtx
001a8098 00000738 T C2Di_Update
001a87d0 0000016c T C2D_DrawTriangle
001a893c 000001e0 T C2D_DrawLine
001a8b1c 00000168 T C2D_DrawRectangle
001a8c84 00000174 T C2D_DrawEllipse
001a8df8 00000018 t C2Di_GlyphComp
001a8e10 00000180 t C2Di_CalcLineWidths
001a8f90 000001d0 T C2D_TextBufNew
001a9160 00000004 T C2D_TextBufDelete
001a9164 0000000c T C2D_TextBufClear
001a9170 000001c4 T C2D_TextFontParseLine
001a9334 000000a4 T C2D_TextFontParse
001a93d8 00000010 T C2D_TextParse
001a93e8 00000030 T C2D_TextOptimize
001a9418 000000e8 T C2D_TextGetDimensions
001a9500 00000fdc T C2D_DrawText
001aa4dc 00000050 T C2D_FontGlyphIndexFromCodePoint
001aa52c 00000074 T C2D_FontCalcGlyphPos
001aa5a0 00000028 T AttrInfo_Init
001aa5c8 00000094 T AttrInfo_AddLoader
001aa65c 00000020 T C3D_GetAttrInfo
001aa67c 00000054 T C3D_SetAttrInfo
001aa6d0 00000080 T C3Di_AttrInfoBind
001aa750 00000004 W C3Di_LightEnvUpdate
001aa754 00000004 W C3Di_LightEnvDirty
001aa758 000000b4 t C3Di_AptEventHook
001aa80c 00000004 W C3Di_GasUpdate
001aa810 000001d0 T C3D_Init
001aa9e0 00000098 T C3D_SetViewport
001aaa78 000004e8 T C3Di_UpdateContext
001aaf60 000000e0 T C3Di_SplitFrame
001ab040 00000044 T C3D_Fini
001ab084 00000194 T C3D_BindProgram
001ab218 00000024 T BufInfo_Init
001ab23c 00000080 T BufInfo_Add
001ab2bc 00000020 T C3D_GetBufInfo
001ab2dc 0000003c T C3D_SetBufInfo
001ab318 00000048 T C3Di_BufInfoBind
001ab360 0000021c T C3D_DrawElements
001ab57c 00000040 T C3D_DepthMap
001ab5bc 0000001c T C3D_CullFace
001ab5d8 00000040 T C3D_StencilTest
001ab618 00000024 T C3D_StencilOp
001ab63c 0000001c T C3D_BlendingColor
001ab658 00000024 T C3D_EarlyDepthTest
001ab67c 0000002c T C3D_DepthTest
001ab6a8 0000002c T C3D_AlphaTest
001ab6d4 00000050 T C3D_AlphaBlend
001ab724 00000030 T C3D_FragOpMode
001ab754 00000044 T C3D_FragOpShadow
001ab798 000001ac T C3Di_EffectBind
001ab944 0000001c T C3D_CalcColorBufSize
001ab960 0000001c T C3D_CalcDepthBufSize
001ab97c 00000044 T C3D_SetFrameBuf
001ab9c0 0000016c T C3Di_FrameBufBind
001abb2c 000000c8 T C3D_FrameBufClear
001abbf4 00000044 T C3D_FrameBufTransfer
001abc38 000000a8 T C3D_ImmSendAttrib
001abce0 00000070 T C3D_ProcTexInit
001abd50 00000054 T C3D_ProcTexBind
001abda4 0000005c T C3D_ProcTexLutBind
001abe00 000000a4 T ProcTexLut_FromArray
001abea4 00000178 T C3Di_ProcTexUpdate
001ac01c 00000068 T C3Di_ProcTexDirty
001ac084 0000004c t onVBlank0
001ac0d0 0000004c t onVBlank1
001ac11c 00000080 t C3Di_RenderTargetDestroy
001ac19c 000000f4 t onQueueFinish
001ac290 00000038 T C3Di_RenderQueueEnableVBlank
001ac2c8 00000030 T C3Di_RenderQueueDisableVBlank
001ac2f8 00000060 T C3Di_RenderQueueInit
001ac358 000000b4 T C3Di_RenderQueueExit
001ac40c 00000034 T C3Di_RenderQueueWaitDone
001ac440 000000e8 T C3D_FrameBegin
001ac528 00000048 T C3D_FrameDrawOn
001ac570 00000058 T C3D_FrameSplit
001ac5c8 000001d0 T C3D_FrameEnd
001ac798 0000001c T C3D_FrameEndHook
001ac7b4 00000170 T C3D_RenderTargetCreate
001ac924 000000f0 T C3D_RenderTargetDelete
001aca14 000000a8 T C3D_RenderTargetSetOutput
001acabc 000000fc T C3D_SyncTextureCopy
001acbb8 00000034 T C3D_GetTexEnv
001acbec 00000024 T C3Di_TexEnvBind
001acc10 00000290 T C3D_TexInitWithParams
001acea0 000000c8 T C3D_TexLoadImage
001acf68 00000044 T C3D_TexBind
001acfac 00000074 T C3D_TexDelete
001ad020 0000014c T C3Di_SetTex
001ad16c 00000290 T C3D_UpdateUniforms
001ad3fc 000000c0 T C3Di_DirtyUniforms
001ad4bc 000000d8 T C3Di_LoadShaderUniforms
001ad594 00000028 T C3Di_ClearShaderUniforms
001ad5bc 00000360 T Mtx_Inverse
001ad91c 000000b8 T Mtx_Multiply
001ad9d4 0000009c T Mtx_MultiplyFVec4
001ada70 000000cc T Mtx_Ortho
001adb3c 000000cc T Mtx_OrthoTilt
001adc08 00000090 T Mtx_Persp
001adc98 00000094 T Mtx_PerspTilt
001add2c 000000a4 T Mtx_RotateX
001addd0 000000a0 T Mtx_RotateY
001ade70 000000a0 T Mtx_RotateZ
001adf10 000000a4 T Mtx_Translate
001adfb4 00000024 t addrMapNodeComparator(rbtree_node const*, rbtree_node const*)
001adfd8 00000004 t addrMapNodeDestructor(rbtree_node*)
001adfdc 0000012c T linearMemAlign
001ae108 00000008 T linearAlloc
001ae110 0000005c T linearFree
001ae16c 0000000c T linearSpaceFree
001ae178 00000088 T MemPool::CoalesceRight(MemBlock*)
001ae200 00000178 T MemPool::Allocate(MemChunk&, unsigned long, int)
001ae378 00000118 T MemPool::Deallocate(MemChunk const&)
001ae490 00000030 T MemPool::GetFreeSpace()
001ae4c0 00000024 t addrMapNodeComparator(rbtree_node const*, rbtree_node const*)
001ae4e4 00000004 t addrMapNodeDestructor(rbtree_node*)
001ae4e8 00000248 T vramMemAlignAt
001ae730 0000000c T vramAlloc
001ae73c 0000000c T vramAllocAt
001ae748 00000094 T vramFree
001ae7dc 00000028 T vramSpaceFree
001ae804 000001c8 T consoleDrawChar
001ae9cc 00000170 T consolePrintChar
001aeb3c 00000cc8 T con_write
001af804 000000fc t newRow
001af900 00000180 T consoleInit
001afa80 0000009c T fontEnsureMapped
001afb1c 00000100 T fontGlyphIndexFromCodePoint
001afc1c 00000214 T fontCalcGlyphPos
001afe30 000000cc t gfxPresentFramebuffer
001afefc 0000001c T gfxIsWide
001aff18 000000f8 T gfxSetScreenFormat
001b0010 00000010 T gfxSetDoubleBuffering
001b0020 000000d8 T gfxInit
001b00f8 00000010 T gfxInitDefault
001b0108 000000b8 T gfxExit
001b01c0 000000a0 T gfxGetFramebuffer
001b0260 00000100 T gfxFlushBuffers
001b0360 00000028 T gfxScreenSwapBuffers
001b0388 00000050 T gfxSwapBuffers
001b03d8 00000050 T gfxSwapBuffersGpu
001b0428 00000074 T osConvertVirtToPhys
001b049c 00000054 T osGetTimeRef
001b04f0 000000ec T osGetTime
001b05dc 00000034 T __ctru_speedup_config
001b0610 00000008 t romfs_close
001b0618 000000ac t romfs_seek
001b06c4 00000024 t romfs_dirreset
001b06e8 000000c0 t fill_dir
001b07a8 000002ac t romfs_dirnext
001b0a54 00000074 t romfs_free
001b0ac8 000000d0 t searchForFile.constprop.0
001b0b98 000000d4 t searchForDir.constprop.0
001b0c6c 000001c0 t navigateToDir.constprop.0
001b0e2c 00000114 t romfs_open
001b0f40 0000004c t romfs_chdir
001b0f8c 00000068 t romfs_diropen
001b0ff4 00000178 t romfs_stat
001b116c 00000008 t romfs_dirclose
001b1178 0000007c t romfs_fstat
001b11f4 000000d0 t romfs_read
001b12c4 00000294 T romfsMountFromFile
001b1558 00000098 T romfsMountFromCurrentProcess
001b15f0 00000258 T romfsMountSelf
001b1848 000000a0 T romfsUnmount
001b18e8 000001fc T threadCreate
001b1ae4 00000038 T threadFree
001b1b1c 00000024 T threadJoin
001b1b40 00000030 T threadGetCurrent
001b1b70 00000040 T threadExit
001b1bb0 00000020 t _thread_begin
001b1bd0 0000013c T GPUCMD_Add
001b1d0c 000000b0 T GPUCMD_Split
001b1dbc 00000034 T f32tof16
001b1df0 00000034 T f32tof24
001b1e24 00000038 T f32tof31
001b1e5c 00000010 T GX_BindQueue
001b1e6c 0000007c T GX_ProcessCommandList
001b1ee8 00000074 T GX_MemoryFill
001b1f5c 00000074 T GX_DisplayTransfer
001b1fd0 00000078 T GX_TextureCopy
001b2048 00000064 t gxCmdQueueDoCommands.part.0
001b20ac 000000e4 T gxCmdQueueInterrupt
001b2190 00000068 T gxCmdQueueClear
001b21f8 00000108 T gxCmdQueueAdd
001b2300 00000080 T gxCmdQueueRun
001b2380 00000064 T gxCmdQueueStop
001b23e4 000000ac T gxCmdQueueWait
001b2490 000001e0 T shaderInstanceInit
001b2670 00000018 T shaderInstanceGetUniformLocation
001b2688 0000001c T shaderProgramInit
001b26a4 00000074 T shaderProgramFree
001b2718 00000094 T shaderProgramSetVsh
001b27ac 000008d0 T shaderProgramConfigure
001b307c 000001dc t DVLE_GenerateOutmap.part.0
001b3258 000001ac T DVLB_ParseFile
001b3404 00000050 T DVLB_Free
001b3454 00000074 T DVLE_GetUniformRegister
001b34c8 00000158 t ndspUpdateMaster
001b3620 00000108 t ndspFinalize
001b3728 0000025c t ndspInitialize.part.0
001b3984 00000108 t ndspHookCallback
001b3a90 00000318 t ndspThreadMain
001b3da8 000003f0 T ndspInit
001b4198 000000d8 T ndspExit
001b4270 0000003c T ndspSetMasterVol
001b42ac 00000034 T ndspSetOutputMode
001b42e0 000000e0 T ndspChnReset
001b43c0 00000018 T ndspChnSetFormat
001b43d8 00000060 T ndspChnSetRate
001b4438 00000080 T ndspChnSetMix
001b44b8 000000b0 T ndspChnWaveBufClear
001b4568 000000c8 T ndspChnWaveBufAdd
001b4630 00000040 T ndspiInitChn
001b4670 0000002c T ndspiDirtyChn
001b469c 0000043c T ndspiUpdateChn
001b4ad8 00000180 T ndspiReadChnState
001b4c58 000000a8 T amInit
001b4d00 0000003c T amExit
001b4d3c 00000058 T AM_StartCiaInstall
001b4d94 00000040 T AM_CancelCIAInstall
001b4dd4 00000040 T AM_FinishCiaInstall
001b4e14 00000180 t aptConvertScreenForCapture
001b4f94 00000138 T aptSendCommand
001b50d0 00000044 t aptExitProcess
001b5118 00000050 T aptSetChainloaderToSelf
001b5168 00000394 T aptExit
001b54fc 000000d8 T aptHandleSleep
001b55d4 00000034 T aptHook
001b5608 00000030 T aptUnhook
001b5638 00000084 T APT_SleepIfShellClosed
001b56bc 00000078 T aptSetSleepAllowed
001b5734 00000084 T APT_UnlockTransition
001b57b8 00000470 t aptEventHandler
001b5c28 000000bc T APT_ReceiveParameter
001b5ce4 000000b0 t aptReceiveParameter.constprop.0
001b5d98 00000294 t aptScreenTransfer
001b602c 000002d0 t aptWaitForWakeUp.isra.0
001b62fc 000000f4 T aptJumpToHomeMenu
001b63f0 00000058 T aptMainLoop
001b6448 00000240 T aptInit
001b6688 00000090 T APT_CheckNew3DS
001b6718 00000048 T APT_GetSharedFont
001b6760 000000a8 T cfguInit
001b6808 0000003c T cfguExit
001b6844 0000004c T CFGU_GetConfigInfoBlk2
001b6890 00000054 T CFGU_GetSystemLanguage
001b68e4 000000a4 t DSP_LoadComponent.part.0
001b6988 000000fc T dspInit
001b6a84 0000008c T dspExit
001b6b10 00000024 T dspHook
001b6b34 00000030 T dspUnhook
001b6b64 000000b4 T aptDspSleep
001b6c18 000000b4 T aptDspWakeup
001b6ccc 00000044 T aptDspCancel
001b6d10 00000050 T DSP_FlushDataCache
001b6d60 00000034 T DSP_SetSemaphore
001b6d94 00000034 T DSP_SetSemaphoreMask
001b6dc8 00000038 T DSP_GetSemaphoreHandle
001b6e00 0000003c T DSP_LoadComponent
001b6e3c 00000044 T DSP_RegisterInterruptEvents
001b6e80 00000078 T DSP_ReadPipeIfPossible
001b6ef8 0000004c T DSP_WriteProcessPipe
001b6f44 00000044 T DSP_ConvertProcessAddressFromDspDram
001b6f88 00000044 T DSP_RecvData
001b6fcc 00000050 T DSP_RecvDataIsReady
001b701c 00000104 T fsInit
001b7120 0000003c T fsExit
001b715c 00000068 T fsExemptFromSession
001b71c4 00000050 T fsUnexemptFromSession
001b7214 000000cc T FSUSER_OpenFile
001b72e0 000000cc T FSUSER_OpenFileDirectly
001b73ac 000000b8 T FSUSER_DeleteFile
001b7464 000000f4 T FSUSER_RenameFile
001b7558 000000b8 T FSUSER_DeleteDirectory
001b7610 000000d0 T FSUSER_CreateFile
001b76e0 000000c0 T FSUSER_CreateDirectory
001b77a0 000000f4 T FSUSER_RenameDirectory
001b7894 000000b4 T FSUSER_OpenDirectory
001b7948 00000090 T FSUSER_OpenArchive
001b79d8 0000008c T FSUSER_CloseArchive
001b7a64 00000074 T FSUSER_GetSdmcArchiveResource
001b7ad8 00000064 T FSUSER_IsSdmcWritable
001b7b3c 00000064 T FSFILE_Read
001b7ba0 0000006c T FSFILE_Write
001b7c0c 00000044 T FSFILE_GetSize
001b7c50 00000028 T FSFILE_SetSize
001b7c78 0000003c T FSFILE_Close
001b7cb4 00000024 T FSFILE_Flush
001b7cd8 00000060 T FSDIR_Read
001b7d38 0000003c T FSDIR_Close
001b7d74 00000c70 t gspHardwareInit
001b89e4 00000288 T gspInit
001b8c6c 00000104 T gspExit
001b8d70 00000010 T gspHasGpuRight
001b8d80 000000a4 T gspPresentBuffer
001b8e24 00000030 T gspSetEventCallback
001b8e54 00000050 T gspWaitForEvent
001b8ea4 0000004c T gspWaitForAnyEvent
001b8ef0 00000154 t gspEventThreadMain
001b9044 0000012c T gspSubmitGxCommand
001b9170 00000050 T GSPGPU_FlushDataCache
001b91c0 00000034 T GSPGPU_SetLcdForceBlack
001b91f4 00000084 T GSPGPU_AcquireRight
001b9278 00000064 T GSPGPU_ReleaseRight
001b92dc 0000007c T GSPGPU_ImportDisplayCaptureInfo
001b9358 0000002c T GSPGPU_SaveVramSysArea
001b9384 0000002c T GSPGPU_RestoreVramSysArea
001b93b0 00000024 W hidShouldUseIrrst
001b93d4 000001cc T hidInit
001b95a0 000000e8 T hidExit
001b9688 000002a0 T hidScanInput
001b9928 00000010 T hidKeysHeld
001b9938 00000010 T hidKeysDown
001b9948 00000010 T hidKeysUp
001b9958 00000018 T hidTouchRead
001b9970 00000018 T hidCircleRead
001b9988 000001a4 T irrstInit
001b9b2c 000000dc T irrstExit
001b9c08 000000b4 T irrstScanInput
001b9cbc 00000024 T irrstKeysHeld
001b9ce0 00000078 T ptmSysmInit
001b9d58 0000003c T ptmSysmExit
001b9d94 00000034 T PTMSYSM_ConfigureNew3DSCPU
001b9dc8 00000048 T sslcGenerateRandomData
001b9e10 000001e8 T accept
001b9ff8 00000174 T bind
001ba16c 0000003c T _net_convert_error
001ba1a8 00000174 T connect
001ba31c 0000015c T fcntl
001ba478 00000024 T freeaddrinfo
001ba49c 000002cc T getaddrinfo
001ba768 00000044 T gethostname
001ba7ac 0000017c T getpeername
001ba928 0000017c T getsockname
001baaa4 00000088 T inet_ntop
001bab2c 00000070 T inet_pton
001bab9c 00000034 t soc_read
001babd0 00000034 t soc_write
001bac04 000000b0 t soc_close
001bacb4 00000190 T socInit
001bae44 00000088 T socExit
001baecc 00000108 T listen
001bafd4 00000248 T poll
001bb21c 00000020 T recv
001bb23c 00000148 T socuipc_cmd7
001bb384 00000168 T socuipc_cmd8
001bb4ec 00000010 T soc_recvfrom
001bb4fc 000000a4 T recvfrom
001bb5a0 00000020 T send
001bb5c0 0000015c T socuipc_cmd9
001bb71c 00000160 T socuipc_cmda
001bb87c 00000010 T soc_sendto
001bb88c 000000a4 T sendto
001bb930 0000016c T socket
001bba9c 00000074 T rbtree_find
001bbb10 00000010 T rbtree_init
001bbb20 00000198 t do_insert
001bbcb8 00000008 T rbtree_insert
001bbcc0 00000310 T rbtree_remove
001bbfd0 00000090 T rbtree_rotate
001bc060 00000140 T decode_utf8
001bc1a0 000000e8 T utf16_to_utf8
001bc288 000000c0 T utf8_to_utf16
001bc348 000001e8 W __system_allocateHeaps
001bc530 00000038 W __libctru_init
001bc568 0000016c W __system_initArgv
001bc6d4 00000030 T __syscall_getreent
001bc704 000000c4 T __syscall_clock_gettime
001bc7c8 00000064 T __syscall_gettod_r
001bc82c 00000004 T __syscall_lock_acquire
001bc830 00000004 T __syscall_lock_release
001bc834 00000004 T __syscall_lock_acquire_recursive
001bc838 00000004 T __syscall_lock_release_recursive
001bc83c 00000004 T __syscall_exit
001bc840 00000054 T initThreadVars
001bc894 00000080 T __system_initSyscalls
001bc914 T svcControlMemory
001bc934 T svcQueryMemory
001bc964 T svcExitProcess
001bc96c T svcCreateThread
001bc98c T svcExitThread
001bc994 T svcSleepThread
001bc99c T svcGetThreadPriority
001bc9b0 T svcReleaseMutex
001bc9b8 T svcCreateEvent
001bc9cc T svcSignalEvent
001bc9d4 T svcClearEvent
001bc9dc T svcCreateMemoryBlock
001bc9f4 T svcMapMemoryBlock
001bc9fc T svcUnmapMemoryBlock
001bca04 T svcCreateAddressArbiter
001bca18 T svcArbitrateAddressNoTimeout
001bca20 T svcCloseHandle
001bca28 T svcWaitSynchronization
001bca30 T svcWaitSynchronizationN
001bca58 T svcDuplicateHandle
001bca6c T svcGetSystemTick
001bca74 T svcConnectToPort
001bca88 T svcSendSyncRequest
001bca90 T svcGetResourceLimit
001bcaa4 T svcGetResourceLimitLimitValues
001bcaac T svcGetResourceLimitCurrentValues
001bcab4 T svcBreak
001bcabc T __aeabi_read_tp
001bcac8 W initSystem
001bcb18 W __ctru_exit
001bcb2c 0000008c W envGetHandle
001bcbb8 00000050 W envDestroyHandles
001bcc08 00000164 T srvInit
001bcd6c 00000064 T srvExit
001bcdd0 00000060 T srvEnableNotification
001bce30 000000a0 T srvGetServiceHandleDirect
001bced0 00000048 T srvGetServiceHandle
001bcf18 00000034 T srvSubscribe
001bcf4c 00000060 T srvReceiveNotification
001bcfac 00000038 T srvPublishToSubscriber
001bcfe4 0000000c T __sync_init
001bcff0 00000018 T __sync_fini
001bd008 00000028 T syncArbitrateAddress
001bd030 0000001c T LightLock_Init
001bd04c 000000ac T LightLock_Lock
001bd0f8 00000040 T LightLock_Unlock
001bd138 00000054 T RecursiveLock_Lock
001bd18c 00000054 T RecursiveLock_Unlock
001bd1e0 00000044 T LightEvent_Init
001bd224 000000b8 T LightEvent_Clear
001bd2dc 000000dc T LightEvent_Signal
001bd3b8 00000050 T LightEvent_TryWait
001bd408 000000ac T LightEvent_Wait
001bd4b4 00000090 t mappableFindAddressWithin
001bd544 00000028 T mappableInit
001bd56c 0000007c T mappableAlloc
001bd5e8 00000004 T mappableFree
001bd5ec 0000000c T srvPmGetSessionHandle
001bd5f8 00000050 T gethostid
001bd648 00000060 T rbtree_node_next
001bd6a8 00000054 T decode_utf16
001bd6fc 00000054 T encode_utf16
001bd750 000000e0 T encode_utf8
001bd830 00000030 W __appExit
001bd860 00000030 W __appInit
001bd890 00000090 W __libctru_exit
001bd920 00000024 t error_cmp
001bd944 00000050 t archive_translate_error
001bd994 000000c0 t archive_seek
001bda54 00000078 t _archiveInit.part.0
001bdacc 00000110 t archiveFindDevice.part.0
001bdbdc 00000298 t archive_utf16path
001bde74 00000098 t _archiveUnmountDeviceStruct.part.0
001bdf0c 00000178 t _archiveMountDevice
001be084 000000f8 t archive_diropen
001be17c 000000ac t archive_fstat
001be228 00000074 t archive_fsync
001be29c 00000074 t archive_close
001be310 00000078 t archive_dirclose
001be388 000000ec t sdmc_statvfs
001be474 000000f8 t archive_chdir
001be56c 0000008c t archive_ftruncate
001be5f8 000000bc t archive_read
001be6b4 000000a8 t archive_unlink
001be75c 000000c0 t archive_rmdir
001be81c 000000d8 t archive_mkdir
001be8f4 000001a0 t archive_stat
001bea94 00000164 t archive_dirnext
001bebf8 0000013c t archive_write
001bed38 00000254 t archive_open
001bef8c 00000270 t archive_rename
001bf1fc 000001c8 T archiveMountSdmc
001bf3c4 00000054 T archiveUnmountAll
001bf418 00000264 T sinf
001bf67c 00000054 T fminf
001bf6d0 00000120 T expf
001bf7f0 00000050 T sqrtf
001bf840 00000054 T fmaxf
001bf894 00000070 T tanf
001bf904 00000024 t with_errnof
001bf928 00000018 t xflowf
001bf940 0000000c T __math_uflowf
001bf94c 0000000c T __math_may_uflowf
001bf958 0000000c T __math_oflowf
001bf964 0000001c T __math_invalidf
001bf980 000000c0 T ceilf
001bfa40 0000025c T cosf
001bfc9c 000000c0 T floorf
001bfd5c 0000006c T asinf
001bfdc8 0000023c T __ieee754_asinf
001c0004 0000005c T __fpclassifyf
001c0060 000002e0 T __ieee754_rem_pio2f
001c0340 0000020c T __kernel_tanf
001c054c 00000010 T fabsf
001c055c 000008c0 T __kernel_rem_pio2f
001c0e1c 00000008 T __ieee754_sqrtf
001c0e24 0000012c T scalbnf
001c0f50 0000000c T nanf
001c0f5c 0000002c T __aeabi_d2lz
001c0f5c 0000002c T __fixdfdi
001c0f88 00000040 T __aeabi_d2ulz
001c0f88 00000040 T __fixunsdfdi
001c0fc8 00000130 T __udivmoddi4
001c10f8 000000e4 T strncat
001c11dc 00000034 T ftell
001c1210 00000028 T fstat
001c1238 00000024 T getenv
001c125c 00000078 T sscanf
001c12d4 00000130 t critical_factorization
001c1404 0000033c t two_way_long_needle
001c1740 00000238 T strstr
001c1978 00000128 T memcpy
001c1aa0 0000008c T strlen
001c1b2c 00000334 T _fread_r
001c1e60 00000038 T fread
001c1e98 00000078 T bsearch
001c1f10 000000b8 T fputc
001c1fc8 00000040 T open
001c2008 00000050 t get_arg
001c2058 00002b88 T __ssvfscanf_r
001c4be0 00000134 T _fopen_r
001c4d14 00000028 T fopen
001c4d3c 00000060 t sulp
001c4da0 00001428 T _strtod_l
001c61c8 00000044 T _strtod_r
001c620c 00000020 T close
001c622c 0000001c T gmtime
001c6248 00000028 T memalign
001c6270 00000264 t _strtoull_l.isra.0
001c64d4 00000038 T _strtoull_r
001c650c 00000028 T gettimeofday
001c6534 000000f4 t rshift
001c6628 000008b4 T __gethex
001c6edc 000000a0 T snprintf
001c6f7c 00000034 T printf
001c6fb0 000000c0 T fileno
001c7070 000001ec t _strtoul_l.isra.0
001c725c 00000038 T _strtoul_r
001c7294 0000003c T strtoul
001c72d0 000000c4 T _mbrtowc_r
001c7394 00000140 T strchr
001c74d4 000000d8 T memcmp
001c75ac 00000198 T _fgets_r
001c7744 00000030 T fgets
001c7774 00000028 T calloc
001c779c 00000048 T access
001c77e4 000000f8 T __sccl
001c78dc 0000016c T _memalign_r
001c7a48 0000000c T __errno
001c7a54 00000164 T __smakebuf_r
001c7bb8 00000090 T __swhatbuf_r
001c7c48 00000030 T lseek
001c7c78 0000047c t _strtoll_l.isra.0
001c80f4 00000038 T _strtoll_r
001c812c 0000003c T strtoll
001c8168 000000f0 T strcpy
001c8258 00000024 T __locale_mb_cur_max
001c827c 000000e4 T memset
001c8360 000000d8 T _calloc_r
001c8438 0000022c T __sflush_r
001c8664 000000c4 T _fflush_r
001c8728 00000044 T fflush
001c876c 00000088 T _vsnprintf_r
001c87f4 00000038 T vsnprintf
001c882c 00000104 T _fwrite_r
001c8930 00000038 T fwrite
001c8968 00000028 T realloc
001c8990 00000080 T strcspn
001c8a10 00000020 T mallinfo
001c8a30 000008e8 T qsort
001c9318 000001c4 T _ftello_r
001c94dc 00000150 T _fdopen_r
001c962c 00000028 T fdopen
001c9654 000000fc T _putc_r
001c9750 0000082c T _malloc_r
001c9f7c 00000124 T __swbuf_r
001ca0a0 00000010 T getpid
001ca0b0 00000114 T _malloc_trim_r
001ca1c4 00000314 T _free_r
001ca4d8 00000294 T setvbuf
001ca76c 0000005c T strspn
001ca7c8 00000050 t get_arg
001ca818 000000e4 T _sungetc_r
001ca8fc 0000006c T __ssrefill_r
001ca968 000000b4 T _sfread_r
001caa1c 000022c4 T __ssvfiscanf_r
001ccce0 0000001c t stdio_exit_handler
001cccfc 0000005c t cleanup_stdio
001ccd58 00000154 t global_stdio_init.part.0
001cceac 00000138 T __sfp
001ccfe4 0000005c T __sinit
001cd040 0000000c T __sfp_lock_acquire
001cd04c 0000000c T __sfp_lock_release
001cd058 0000000c T atoi
001cd064 00000384 t _strtol_l.part.0
001cd3e8 0000006c T _strtol_r
001cd454 00000074 T strtol
001cd4c8 00000084 T __libc_init_array
001cd54c 00000028 T rename
001cd574 000000d4 T strncpy
001cd648 0000001c T _fseek_r
001cd664 00000034 T fseek
001cd698 00000040 T malloc
001cd6d8 00000020 T free
001cd6f8 000000e8 T memchr
001cd7e0 00000048 T strrchr
001cd828 00000030 T write
001cd858 00000140 T __swsetup_r
001cd998 000000e0 T _puts_r
001cda78 00000020 T puts
001cda98 000000dc T _findenv_r
001cdb74 00000018 T _getenv_r
001cdb8c 00000070 T stpcpy
001cdbfc 00000024 T _localeconv_r
001cdc20 00000044 T __sread
001cdc64 00000008 T __seofread
001cdc6c 00000068 T __swrite
001cdcd4 00000040 T __sseek
001cdd14 00000008 T __sclose
001cdd1c 000001a8 T memmove
001cdec4 000004f0 T _realloc_r
001ce3b4 00000020 T strdup
001ce3d4 0000000c T __malloc_lock
001ce3e0 0000000c T __malloc_unlock
001ce3ec 00000588 T _fseeko_r
001ce974 00000030 T fseeko
001ce9a4 00000148 T _fclose_r
001ceaec 00000020 T fclose
001ceb0c 00000048 T time
001ceb54 00000024 T putchar
001ceb78 00000030 T read
001ceba8 00000004 W __call_exitprocs
001cebac 00000030 T exit
001cebdc 000005e0 t get_arg
001cf1c0 0000345c T _svfprintf_r
001d261c 000000b8 T __sflags
001d26d4 00000028 T stat
001d26fc 000000f8 T __utf8_wctomb
001d27f4 0000003c T __libc_fini_array
001d2830 0000003c T strnlen
001d286c 0000025c T gmtime_r
001d2ac8 000000d8 T strncmp
001d2ba0 000000a0 T __xpg_strerror_r
001d2c40 00000084 T __malloc_update_mallinfo
001d2cc4 0000004c T _mallinfo_r
001d2d10 00000070 T __match
001d2d80 000002a8 T __hexnan
001d3028 00000068 T sprintf
001d3090 000000bc T __strtok_r
001d314c 00000008 T strtok_r
001d3154 00000140 t iso_year_adjust
001d3294 00001118 t __strftime.isra.0
001d43ac 00000038 T strftime
001d43e4 00000020 T unlink
001d4404 00000038 t lflush
001d443c 000001a8 T __srefill_r
001d45e8 00000010 T nan
001d45f8 00000088 T frexp
001d4680 000000dc T stpncpy
001d475c 0000000c T __env_lock
001d4768 0000000c T __env_unlock
001d4774 0000005c T __assert_func
001d47d0 00000054 T _strdup_r
001d4824 00000008 T iswspace
001d482c 00000088 T _Balloc
001d48b4 0000001c T _Bfree
001d48d0 000000f4 T __multadd
001d49c4 0000010c T __s2b
001d4ad0 00000080 T __hi0bits
001d4b50 000000f0 T __lo0bits
001d4c40 000000a4 T __i2b
001d4ce4 00000230 T __multiply
001d4f14 00000130 T __pow5mult
001d5044 00000138 T __lshift
001d517c 00000058 T __mcmp
001d51d4 00000218 T __mdiff
001d53ec 00000068 T __ulp
001d5454 000000d4 T __b2d
001d5528 00000120 T __d2b
001d5648 00000078 T __ratio
001d56c0 0000008c T __copybits
001d574c 0000005c T __any_on
001d57a8 0000000c T abs
001d57b4 00000070 T _fwalk_sglue
001d5824 000005e0 t get_arg
001d5e08 00003554 T _vfprintf_r
001d935c 000000b4 t __sbprintf
001d9410 000000a0 T _wcrtomb_r
001d94b0 000005e0 t get_arg
001d9a90 0000226c T _svfiprintf_r
001dbcfc 000000b8 T __submore
001dbdb4 000000a4 T __ssprint_r
001dbe58 00000340 T __utf8_mbtowc
001dc198 0000003c T fiprintf
001dc1d4 000004a4 T __sfvwrite_r
001dc678 0000000c T __tz_lock
001dc684 0000000c T __tz_unlock
001dc690 00000410 T _strerror_r
001dcaa0 0000000c T labs
001dcaac 00000014 T abort
001dcac0 00000030 T __sprint_r
001dcaf0 000001c0 t quorem
001dccb0 00001420 T _dtoa_r
001de0d0 00000010 T _tzset_unlocked
001de0e0 00000028 T _wcsrtombs_r
001de108 0000000c T __gettzinfo
001de114 00000038 T iswspace_l
001de14c 00000008 T _user_strerror
001de154 0000012c T __ssputs_r
001de280 000005e0 t get_arg
001de860 000022f8 T _vfiprintf_r
001e0b58 000000b4 t __sbprintf
001e0c0c 00000648 T _tzset_unlocked_r
001e1254 0000015c T _wcsnrtombs_l
001e13b0 00000064 T _wcsnrtombs_r
001e1414 000000a0 T sniprintf
001e14b4 0000009c T _raise_r
001e1550 00000020 T raise
001e1570 00000090 T category
001e1600 00000258 T __tzcalc_limits
001e1858 00000078 T siscanf
001e18d0 00000020 T _exit
001e18f0 00000140 T chdir
001e1a30 00000034 T clock_gettime
001e1a64 000001c8 T _concatenate_path
001e1c2c 00000070 t __dirnext
001e1c9c 00000114 T opendir
001e1db0 00000098 T closedir
001e1e48 000000f8 T readdir_r
001e1f40 00000048 T readdir
001e1f88 00000080 T fchmod
001e2008 00000464 T fnmatch
001e246c 0000009c T _fstat_r
001e2508 00000014 T _getpid_r
001e251c 0000002c T __getreent
001e2548 00000030 T _gettimeofday_r
001e2578 000000a0 T __release_handle
001e2618 000000b0 T __alloc_handle
001e26c8 00000058 T __get_handle
001e2720 00000110 T _close_r
001e2830 00000008 t null_write
001e2838 00000018 T setDefaultDevice
001e2850 00000098 T FindDevice
001e28e8 00000024 T RemoveDevice
001e290c 00000088 T AddDevice
001e2994 00000020 T GetDeviceOpTab
001e29b4 00000008 T _isatty_r
001e29bc 00000014 T _kill_r
001e29d0 00000094 T _lseek_r
001e2a64 00000068 T mkdir
001e2acc 0000001c W sched_yield
001e2ae8 000000c0 T _open_r
001e2ba8 00000094 T _read_r
001e2c3c 00000088 T _rename_r
001e2cc4 00000078 W _sbrk_r
001e2d3c 00000080 T _stat_r
001e2dbc 0000001c T __libc_lock_acquire
001e2dd8 0000001c T __libc_lock_release
001e2df4 0000001c T __libc_lock_acquire_recursive
001e2e10 0000001c T __libc_lock_release_recursive
001e2e2c 00000078 T _unlink_r
001e2ea4 00000094 T _write_r
001e2f38 T _fini
001e301c 00000040 r photoShots
001e305c 00000018 r lines
001e3074 00000030 r physicalBitOf
001e30a4 00000030 r logicalBitOf
001e30d4 00000058 r capture.0
001e312c 00000030 r actionForRowR12
001e315c 00000030 r actionForRowL12
001e318c 00000020 r actionForRow8
001e31ac 00000030 r rowForKey8
001e31dc 0000000c r keyLabelId
001e31ec 0000000c r noOffset
001e320c 00000040 r materialRoom
001e3260 000000a8 r SCENE_STATIC_DRAWS
001e3308 00000040 r materialRunner
001e3348 0000000c r CSWTCH.389
001e3354 00000040 r materialGhost
001e33cc 00000018 r menuItems
001e3424 0000000c r optionRows
001e34e8 00000990 r kitDefsMid
001e3e78 00000990 r kitDefsLate
001e4808 00000cc0 r kitDefs
001e54c8 00000014 r lineX.2
001e54dc 0000000c r lineZ.1
001e54e8 00000038 r prof.0
001e5520 000000e0 r jointDefs
001e560c 0000000c r noOffset
001e563c 0000000c r defaults.0
001e5654 00000290 r englishText
001e58e4 00000008 r tables
001e58ec 00000290 r frenchText
001e5b7c 00000010 r xlut
001e5b8c 00000010 r ylut
001e5bd8 00000030 r zonesOptions
001e5c08 00000068 r zonesLevels
001e5c70 00000018 r zonesTitle
001e5c88 00000010 r zonesUpdate
001e5c98 00000070 r zonesControls
001e5d18 00000010 r rPlaquePage
001e5d28 00000018 r barX.4
001e5d40 0000000c r barY.3
001e5d4c 000000a0 r rLevel
001e5dec 00000012 r stroke.2
001e5e00 00000010 r rPrev
001e5e10 00000010 r rLevBack
001e5e20 00000010 r rNext
001e5e30 00000010 r rMinus
001e5e40 00000010 r rPlus
001e5e50 00000010 r rControls
001e5e60 00000010 r rUpdate
001e5e70 00000010 r rLanguage
001e5e80 00000010 r rOptBack
001e5e90 00000010 r rRam
001e5ea0 00000010 r sheet.1
001e5eb0 00000010 r rCtlBack
001e5ec0 00000010 r rCtlReset
001e5ed0 00000010 r rUpdAction
001e5ee0 00000010 r rUpdBack
001e5ef0 00000010 r rPlaqueTitle
001e5f00 0000000c r hangers.0
001e5f0c 00000010 r rPlay
001e5f1c 00000010 r rOptions
001e5f2c 00000010 r rQuit
001e6220 R vshader_shbin
001e643c R vshader_shbin_end
001ef308 r .LC6
001f77ac r .LC2
001fdd98 0000000c r mimetable.0
001fdda4 00000010 r formtable.1
001fddb4 00000050 r ctts.2
001fde04 00000006 r strnil.0
001fde0c 00000006 r null.1
001fde14 00000025 r upper_digits
001fde3c 00000025 r lower_digits
001fde68 00000010 r tv_zero.1
001fde78 00000030 r month_days_cumulative.0
001fdea8 0000033c r tz
001fe1e4 0000001c r weekday
001fe200 00000030 R Curl_month
001fe230 0000001c R Curl_wkday
001fe24c 0000003f r alnum
001fe28c 00000018 r client_cew
001fe2a8 00000010 r tv_zero.1
001fe2b8 00000010 r KEY_NOTUSED.2
001fe2c8 00000100 r tolowermap
001fe3c8 00000100 r touppermap
001fe4c8 0000007c r CSWTCH.7
001fe544 00000190 r CSWTCH.1
001fe6d4 00000004 r CSWTCH.283
001fe6d8 00000054 r protocols
001fe72c 00000021 r badbytes.0
001fe750 00000011 r hexdigits
001fe764 00000074 r Curl_ssl_multi
001fe7d8 00000024 r ALPN_SPEC_H11
001fe7fc 00000024 r ALPN_SPEC_H10
001fe820 00000064 r CSWTCH.106
001fe884 00000042 r base64encdec
001fe8c8 00000018 r error_encoding
001fe8e0 00000010 r encodings
001fe8f0 00000018 r identity_encoding
001fe908 00000018 r gzip_encoding
001fe920 00000018 r deflate_encoding
001fe938 00000020 r badoctets.0
001fe958 00000015 r s_infotype.0
001fe970 00000050 R Curl_handler_dict
001fe9c0 00000037 r hextable
001fe9f8 00000050 R Curl_handler_file
001fea48 0000000a r mode.0
001fea54 0000000a r mode.1
001fea60 00000008 r ftpauth.2
001fea68 00000050 R Curl_handler_ftps
001feab8 00000050 R Curl_handler_ftp
001feb08 00000050 R Curl_handler_gophers
001feb58 00000050 R Curl_handler_gopher
001feba8 0000000c r CSWTCH.208
001febb4 0000000c r CSWTCH.207
001febc0 00000050 R Curl_handler_https
001fec10 00000050 R Curl_handler_http
001fec60 00000018 r CSWTCH.4
001fec78 00000024 r saslimap
001fec9c 00000050 R Curl_handler_imaps
001fecec 00000050 R Curl_handler_imap
001fed3c 00000014 R Curl_DIGEST_MD5
001fed50 00000018 R Curl_HMAC_MD5
001fed68 00000050 R Curl_handler_mqtt
001fedb8 00000024 r saslpop3
001feddc 00000050 R Curl_handler_pop3s
001fee2c 00000050 R Curl_handler_pop3
001fee7c 00000050 R Curl_handler_rtsp
001feecc 00000018 R Curl_HMAC_SHA256
001feee4 00000050 R Curl_handler_smbs
001fef34 00000050 R Curl_handler_smb
001fef84 00000024 r saslsmtp
001fefa8 00000050 R Curl_handler_smtps
001feff8 00000050 R Curl_handler_smtp
001ff048 00000009 r lookup.0
001ff054 00000050 R Curl_handler_telnet
001ff0a4 00000050 r telnetcmds
001ff0f4 000000a0 r telnetoptions
001ff194 00000050 R Curl_handler_tftp
001ff1e4 00000074 R Curl_ssl_mbedtls
001ff258 00000010 r mbedtls_x509_crt_profile_fr
001ff268 00000008 r magic.0
001ff270 00000090 r mechtable
001ff300 00000038 r errors
001ff338 00000001 r hmac_opad
001ff339 00000001 r hmac_ipad
001ff344 00001280 r ciphersuite_definitions
002005c4 00000340 r ciphersuite_preference
00200930 00000010 r CSWTCH.83
00200940 00000003 r ssl_preset_suiteb_curves
00200944 0000000c r ssl_preset_suiteb_hashes
00200950 0000000c r ssl_preset_suiteb_ciphersuites
0020095c 00000014 r ssl_preset_default_hashes
00200a40 00000010 R mbedtls_x509_crt_profile_suiteb
00200a50 00000010 R mbedtls_x509_crt_profile_default
00200a64 000002a0 r small_prime
00200d14 000001b8 R mbedtls_cipher_definitions
00200ecc 0000001c r chachapoly_info
00200ee8 00000030 r chachapoly_base_info
00200f18 0000001c r chacha20_info
00200f34 00000030 r chacha20_base_info
00200f64 0000001c r arc4_128_info
00200f80 00000030 r arc4_base_info
00200fb0 0000001c r blowfish_ctr_info
00200fcc 0000001c r blowfish_cfb64_info
00200fe8 0000001c r blowfish_cbc_info
00201004 0000001c r blowfish_ecb_info
00201020 00000030 r blowfish_info
00201050 0000001c r des_ede3_cbc_info
0020106c 0000001c r des_ede3_ecb_info
00201088 00000030 r des_ede3_info
002010b8 0000001c r des_ede_cbc_info
002010d4 0000001c r des_ede_ecb_info
002010f0 00000030 r des_ede_info
00201120 0000001c r des_cbc_info
0020113c 0000001c r des_ecb_info
00201158 00000030 r des_info
00201188 0000001c r camellia_256_ccm_info
002011a4 0000001c r camellia_192_ccm_info
002011c0 0000001c r camellia_128_ccm_info
002011dc 00000030 r ccm_camellia_info
0020120c 0000001c r camellia_256_gcm_info
00201228 0000001c r camellia_192_gcm_info
00201244 0000001c r camellia_128_gcm_info
00201260 00000030 r gcm_camellia_info
00201290 0000001c r camellia_256_ctr_info
002012ac 0000001c r camellia_192_ctr_info
002012c8 0000001c r camellia_128_ctr_info
002012e4 0000001c r camellia_256_cfb128_info
00201300 0000001c r camellia_192_cfb128_info
0020131c 0000001c r camellia_128_cfb128_info
00201338 0000001c r camellia_256_cbc_info
00201354 0000001c r camellia_192_cbc_info
00201370 0000001c r camellia_128_cbc_info
0020138c 0000001c r camellia_256_ecb_info
002013a8 0000001c r camellia_192_ecb_info
002013c4 0000001c r camellia_128_ecb_info
002013e0 00000030 r camellia_info
00201410 0000001c r aes_256_ccm_info
0020142c 0000001c r aes_192_ccm_info
00201448 0000001c r aes_128_ccm_info
00201464 00000030 r ccm_aes_info
00201494 0000001c r aes_256_gcm_info
002014b0 0000001c r aes_192_gcm_info
002014cc 0000001c r aes_128_gcm_info
002014e8 00000030 r gcm_aes_info
00201518 0000001c r aes_256_xts_info
00201534 0000001c r aes_128_xts_info
00201550 00000030 r xts_aes_info
00201580 0000001c r aes_256_ctr_info
0020159c 0000001c r aes_192_ctr_info
002015b8 0000001c r aes_128_ctr_info
002015d4 0000001c r aes_256_ofb_info
002015f0 0000001c r aes_192_ofb_info
0020160c 0000001c r aes_128_ofb_info
00201628 0000001c r aes_256_cfb128_info
00201644 0000001c r aes_192_cfb128_info
00201660 0000001c r aes_128_cfb128_info
0020167c 0000001c r aes_256_cbc_info
00201698 0000001c r aes_192_cbc_info
002016b4 0000001c r aes_128_cbc_info
002016d0 0000001c r aes_256_ecb_info
002016ec 0000001c r aes_192_ecb_info
00201708 0000001c r aes_128_ecb_info
00201724 00000030 r aes_info
00201754 00000080 r odd_parity_table
002017d4 00000040 r RHs
00201814 00000040 r LHs
00201854 00000100 r SB8
00201954 00000100 r SB7
00201a54 00000100 r SB6
00201b54 00000100 r SB5
00201c54 00000100 r SB4
00201d54 00000100 r SB3
00201e54 00000100 r SB2
00201f54 00000100 r SB1
00202054 0000000c r ecp_x25519_bad_point_2
00202060 0000000c r ecp_x25519_bad_point_1
0020206c 00000020 r x25519_bad_point_2
0020208c 00000020 r x25519_bad_point_1
002020ac 000000a8 r ecp_supported_curves
00202170 00000004 r one.0
00202174 00000008 r Rp.1
0020217c 00000008 r Rp.2
00202184 00000008 r Rp.3
0020218c 0000001c r curve448_part_of_n
002021a8 00000010 r curve25519_part_of_n
002021b8 00000040 r brainpoolP512r1_n
002021f8 00000040 r brainpoolP512r1_gy
00202238 00000040 r brainpoolP512r1_gx
00202278 00000040 r brainpoolP512r1_b
002022b8 00000040 r brainpoolP512r1_a
002022f8 00000040 r brainpoolP512r1_p
00202338 00000030 r brainpoolP384r1_n
00202368 00000030 r brainpoolP384r1_gy
00202398 00000030 r brainpoolP384r1_gx
002023c8 00000030 r brainpoolP384r1_b
002023f8 00000030 r brainpoolP384r1_a
00202428 00000030 r brainpoolP384r1_p
00202458 00000020 r brainpoolP256r1_n
00202478 00000020 r brainpoolP256r1_gy
00202498 00000020 r brainpoolP256r1_gx
002024b8 00000020 r brainpoolP256r1_b
002024d8 00000020 r brainpoolP256r1_a
002024f8 00000020 r brainpoolP256r1_p
00202518 00000020 r secp256k1_n
00202538 00000020 r secp256k1_gy
00202558 00000020 r secp256k1_gx
00202578 00000004 r secp256k1_b
0020257c 00000004 r secp256k1_a
00202580 00000020 r secp256k1_p
002025a0 00000020 r secp224k1_n
002025c0 0000001c r secp224k1_gy
002025dc 0000001c r secp224k1_gx
002025f8 00000004 r secp224k1_b
002025fc 00000004 r secp224k1_a
00202600 0000001c r secp224k1_p
0020261c 00000018 r secp192k1_n
00202634 00000018 r secp192k1_gy
0020264c 00000018 r secp192k1_gx
00202664 00000004 r secp192k1_b
00202668 00000004 r secp192k1_a
0020266c 00000018 r secp192k1_p
00202684 00000044 r secp521r1_n
002026c8 00000044 r secp521r1_gy
0020270c 00000044 r secp521r1_gx
00202750 00000044 r secp521r1_b
00202794 00000044 r secp521r1_p
002027d8 00000030 r secp384r1_n
00202808 00000030 r secp384r1_gy
00202838 00000030 r secp384r1_gx
00202868 00000030 r secp384r1_b
00202898 00000030 r secp384r1_p
002028c8 00000020 r secp256r1_n
002028e8 00000020 r secp256r1_gy
00202908 00000020 r secp256r1_gx
00202928 00000020 r secp256r1_b
00202948 00000020 r secp256r1_p
00202968 0000001c r secp224r1_n
00202984 0000001c r secp224r1_gy
002029a0 0000001c r secp224r1_gx
002029bc 0000001c r secp224r1_b
002029d8 00000020 r secp224r1_p
002029f8 00000018 r secp192r1_n
00202a10 00000018 r secp192r1_gy
00202a28 00000018 r secp192r1_gx
00202a40 00000018 r secp192r1_b
00202a58 00000018 r secp192r1_p
00202b68 00000080 r last4
00202c1c 0000001c r CSWTCH.2
00202c38 00000020 r supported_digests
00202c58 00000008 R mbedtls_sha512_info
00202c60 00000008 R mbedtls_sha384_info
00202c68 00000008 R mbedtls_sha256_info
00202c70 00000008 R mbedtls_sha224_info
00202c78 00000008 R mbedtls_sha1_info
00202c80 00000008 R mbedtls_ripemd160_info
00202c88 00000008 R mbedtls_md5_info
00202c90 0000003c r oid_pkcs12_pbe_alg
00202ccc 00000078 r oid_md_hmac
00202d44 000000a0 r oid_md_alg
00202de4 0000003c r oid_cipher_alg
00202e20 000000f0 r oid_ecp_grp
00202f10 00000050 r oid_pk_alg
00202f60 00000118 r oid_sig_alg
00203078 00000080 r oid_ext_key_usage
002030f8 0000008c r oid_x509_ext
00203184 00000190 r oid_x520_attr_type
00203314 00000010 r CSWTCH.6
00203324 00000030 R mbedtls_ecdsa_info
00203354 00000030 R mbedtls_eckeydh_info
00203384 00000030 R mbedtls_eckey_info
002033b4 00000030 R mbedtls_rsa_info
002033e4 00000004 r memset_func
002033e8 00000040 r ripemd160_padding
00203428 00000100 r K
00203528 00000280 r K
002037a8 00001000 r S
002047a8 00000048 r P
002047f0 00000028 r transposes
00204818 000000a0 r indexes
002048b8 00000020 r shifts
002048d8 00000100 r FSb4
002049d8 00000100 r FSb3
00204ad8 00000100 r FSb2
00204bd8 00000100 r FSb
00204cd8 00000030 r SIGMA_CHARS
00204d48 00000080 r distfix.0
00204dc8 00000800 r lenfix.1
002055c8 00000026 r order.2
002055f0 00000040 r dext.0
00205630 00000040 r dbase.1
00205670 0000003e r lext.2
002056b0 0000003e r lbase.3
002056f0 00001000 r crc_braid_table
002066f0 00000400 r crc_table
00206af0 R render2d_shbin
00206c7c 00000004 r depthFmtSizes
00206c7c R render2d_shbin_end
00206c80 00000005 r colorFmtSizes
00206c88 00000010 r CSWTCH.11
00206c98 00000038 r CSWTCH.19
00206f14 00000080 r dotab_stdout
00206f94 00000018 r grayScale
00206fac 00000006 r colorCube
00206fb4 00000030 r colorTable
00206fe4 00000080 r romFS_devoptab
00207070 00000011 r dsp_filename.0
002070a0 00000008 r morton_y.2
002070a8 00000008 r morton_x.3
002070b0 00000008 r s_sleepWakeEvents.4
002070b8 0000000c r serviceNameTable.5
002070c4 0000004d r _net_error_code_map
00207114 R default_font_bin
00207914 R default_font_bin_end
00207914 00000030 r error_table
00207944 00000080 r archive_devoptab
002079c4 00000060 R __inv_pio4
00207a28 000000e0 R __sincosf_table
00207b08 00000148 R __exp2f_data
00207c50 00000080 r npio2_hw
00207cd0 00000318 r two_over_pi
00207fe8 0000002c r PIo2
00208014 0000000c r init_jk
00208174 00000022 r basefix.0
002081f8 00000014 r fpinan.0
0020820c 00000014 r fpi.1
00208220 00000028 r tinytens
00208248 00000100 R __hexdig
002083c8 00000022 r basefix.0
002084d4 00000010 r zeroes.0
002084e4 00000010 r blanks.1
002084f4 00000101 R _ctype_
002086a4 0000000c r p05.0
002086b0 00000028 R __mprec_bigtens
002086d8 000000c8 R __mprec_tens
0020888c 00000010 r zeroes.0
0020889c 00000010 r blanks.1
00208998 00000010 r zeroes.0
002089a8 00000010 r blanks.1
002089b8 0000006c R __action_table
00208a24 0000006c R __state_table
00208a90 00000100 R __chclass
00208c28 000000fc R _C_time_locale
00208e10 00000010 r zeroes.0
00208e20 00000010 r blanks.1
00208e30 000037f8 r categories
0020c628 00000060 R __month_lengths
0020c688 00000080 R dotab_stdnull
0020c708 R __tdata_align
0020c70c r __EH_FRAME_BEGIN__
0020c70c R __exidx_end
0020c70c R __exidx_start
0020d000 00000004 d reason
0020d004 00000004 d pushedVolume
0020d008 00000004 D angleY
0020d00c 00000004 D camDist
0020d010 00000004 D angleX
0020d014 00000004 D selectedPart
0020d018 00000004 d manualProgress
0020d01c 00000036 d seatMsg
0020d054 00000040 d materialSelected
0020d094 00000040 d materialHover
0020d0d4 00000040 d material
0020d114 00000040 d materialDesk
0020d154 00000040 d materialKitBox
0020d194 00000040 d materialKitArtwork
0020d1d4 00000004 d hoverPart
0020d1d8 00000004 d lastTapX
0020d1dc 00000004 d lastTapY
0020d1e0 00000040 d materialStand
0020d220 00000040 d materialGrid
0020d260 00000040 d materialMat
0020d2a0 00000040 d materialWindow
0020d2e0 00000040 d materialPartYellow
0020d320 00000040 d materialPartRed
0020d360 00000040 d materialPartGreen
0020d3a0 00000004 d runnerInnerH
0020d3a4 00000004 d runnerFrameW
0020d3a8 00000004 d runnerFrameH
0020d3ac 00000004 d runnerBarY
0020d3b0 00000004 d activeKitName
0020d3b4 00000004 d activeRunners
0020d3b8 00000004 d reason
0020d3bc 00000004 d masterVolume
0020d3c0 00000001 d showTutorial
0020d3c4 0000000c d remapButton
0020d3d0 00000004 d language
0020d3d4 00000001 d held
0020d3d5 00000001 d active
0020d3d8 00000004 d chosenLevel
0020d3dc 00000004 d settle
0020d3e0 00000004 d printedPage
0020d3e4 00000004 d printedVolume
0020d3e8 00000004 d printedLevelPage
0020d3ec 00000004 d printedBuilt
0020d3f0 00000004 d printedUpdState
0020d3f4 00000004 d printedUpdProgress
0020d3f8 00000004 d printedLanguage
0020d3fc 00000004 d s_progress
0020d400 00000004 D Curl_ccalloc
0020d404 00000004 D Curl_cstrdup
0020d408 00000004 D Curl_crealloc
0020d40c 00000004 D Curl_cfree
0020d410 00000004 D Curl_cmalloc
0020d414 0000003c D Curl_cft_ssl_proxy
0020d450 0000003c D Curl_cft_ssl
0020d48c 00000008 d available_backends
0020d494 00000004 D Curl_ssl
0020d498 0000003c D Curl_cft_setup
0020d4d4 0000003c D Curl_cft_happy_eyeballs
0020d510 0000003c D Curl_cft_http_proxy
0020d54c 0000003c D Curl_cft_socks_proxy
0020d588 0000003c D Curl_cft_h1_proxy
0020d5c4 0000003c D Curl_cft_haproxy
0020d600 0000003c D Curl_cft_http_connect
0020d63c 0000003c D Curl_cft_tcp_accept
0020d678 0000003c D Curl_cft_unix
0020d6b4 0000003c D Curl_cft_udp
0020d6f0 0000003c D Curl_cft_tcp
0020d72c 00000008 d framerateCounter
0020d734 00000004 d framerate
0020d738 00000001 d firstConsoleInit.0
0020d73c 00000004 D currentConsole
0020d740 00000048 D defaultConsole
0020d788 00000004 d queueLock
0020d78c 00000004 d aptChainloadDeliverArgSize
0020d790 00000004 d kCount
0020d794 00000004 d kInterval
0020d798 00000004 d kDelay
0020d79c 00000080 d soc_devoptab
0020d81c W __stacksize__
0020d820 00000004 D _impure_ptr
0020d828 00000200 D _impure_data
0020da28 00000254 D __global_locale
0020dc7c 00000004 D __malloc_sbrk_base
0020dc80 00000004 D __malloc_trim_threshold
0020dc88 00000408 D __malloc_av_
0020e090 0000000c D __sglue
0020e09c 00000008 D _tzname
0020e0a4 00000004 D environ
0020e0a8 00000058 d tzinfo
0020e100 00000400 d _current_working_directory
0020e500 00001000 d handles
0020f500 0000000c d __stderr_handle
0020f50c 0000000c d __stdout_handle
0020f518 0000000c d __stdin_handle
0020f524 0000008c D devoptab_list
0020f5b0 00000004 d defaultDevice
0020f5bc d _GLOBAL_OFFSET_TABLE_
0020f5c8 d __frame_dummy_init_array_entry
0020f5c8 D __init_array_start
0020f5c8 B __preinit_array_end
0020f5c8 B __preinit_array_start
0020f5c8 D __tdata_lma
0020f5c8 D __tdata_lma_end
0020f5cc d __do_global_dtors_aux_fini_array_entry
0020f5cc D __fini_array_start
0020f5cc D __init_array_end
0020f5d0 D __bss_start__
0020f5d0 D __fini_array_end
0020f5d0 00000001 b started
0020f5d4 00000004 b clipPool
0020f5d8 00000038 b clips
0020f610 00000060 b waveBufs
0020f670 00000004 b nextVoice
0020f678 00000020 b voiceStart
0020f698 00000038 b lastPlayed
0020f6d0 00000004 b noiseState
0020f6d4 00000004 B focusAmt
0020f6d8 00000004 b blockerCount
0020f6dc 00000180 b blockerMax
0020f85c 00000180 b blockerMin
0020f9dc 0000000c B focus
0020f9e8 00000004 B camPanZ
0020f9ec 00000004 B camPanX
0020f9f0 00000004 B photoShot
0020f9f4 00000001 B photoMode
0020f9f5 00000001 b listening
0020f9f6 00000001 b listenAction
0020f9f8 00000004 b loadedLevel
0020f9fc 00000004 b cutCount
0020fa00 00000004 b filedCount
0020fa04 00000004 b builtCount
0020fa08 00000004 b runnerLift
0020fa0c 00000004 B boxOpen
0020fa10 00000001 b boxOpening
0020fa14 00000004 b manualPage
0020fa18 00000004 B currentRunner
0020fa1c 00000004 b beginnerTarget
0020fa20 00000004 b benchTarget
0020fa24 00000004 b vbo_data
0020fa28 00000004 b idx_data
0020fa2c 00000014 b program
0020fa40 00000004 b vshader_dvlb
0020fa44 00000001 b poseMode
0020fa45 00000001 b manualHeld
0020fa48 00000008 b filingAnimUntil
0020fa50 00000020 b mem
0020fa70 00000004 b beginnerText
0020fa74 00000004 b uLoc_projection
0020fa78 00000040 b projection
0020fab8 00000004 b uLoc_lightVec
0020fabc 00000004 b uLoc_lightHalfVec
0020fac0 00000004 b uLoc_lightClr
0020fac4 00000004 b uLoc_nrmScale
0020fac8 00000004 b uLoc_modelView
0020facc 00000040 b modelView
0020fb0c 00000004 b uLoc_material
0020fb10 00000001 b isNew3DS
0020fb18 00000008 b fpsTick
0020fb20 00000008 b memTick
0020fb28 00000001 b screenshotWanted
0020fb2c 00000004 b topRepaintFrames
0020fb30 00000001 b menuOn
0020fb31 00000001 b topRepaintWhat
0020fb34 00000004 b benchSettle
0020fb38 00000001 b benchSeenUp
0020fb3c 00000004 b menuCursor
0020fb40 00000030 b menuNote
0020fb70 00000001 b loadArmed
0020fb71 00000001 b tapPending
0020fb72 00000001 b filingStroke
0020fb74 00000004 b optionsCursor
0020fb78 00000001 b showTitle
0020fb7c 00000004 b touchMoved
0020fb80 00000004 b lastTouch
0020fb88 00000008 b touchStartMs
0020fb90 00000004 b fpsFrames
0020fb98 00014320 b legacyBuilds
00223eb8 00016b20 b levelBuilds
0023a9d8 00001200 B partStates
0023bbd8 00000008 b lastSampleAt.2
0023bbe0 00000004 b cachedApp.1
0023bbe4 00000004 b vramTotalBytes
0023bbe8 00000004 b cachedVram.0
0023bbec 00000300 b activeTarget
0023beec 00000100 b activeParent
0023bfec 00000001 b activePackedValid
0023bff0 00000004 b meshCount
0023bff4 00000004 b meshDropped
0023bff8 00000040 b activeHasJoint
0023c038 00000700 b activeJoints
0023c738 00000004 b partCount
0023c73c 00000200 b looseHome
0023c93c 00000004 b roomFloorFirst
0023c940 00000004 b roomFloorCount
0023c944 00000004 b roomFirst
0023c948 00000004 b roomWallRearFirst
0023c94c 00000004 b roomWallRearCount
0023c950 00000004 b roomWallLeftFirst
0023c954 00000004 b roomWallLeftCount
0023c958 00000004 b roomWallRightFirst
0023c95c 00000004 b roomWallRightCount
0023c960 00000004 b roomWallFrontFirst
0023c964 00000004 b roomWallFrontCount
0023c968 00000004 b roomCount
0023c96c 00000004 b roomCeilingFirst
0023c970 00000004 b roomCeilingCount
0023c974 00000004 b roomBedWoodFirst
0023c978 00000004 b roomBedWoodCount
0023c97c 00000004 b roomMattressFirst
0023c980 00000004 b roomMattressCount
0023c984 00000004 b roomBlanketFirst
0023c988 00000004 b roomBlanketCount
0023c98c 00000004 b roomPillowFirst
0023c990 00000004 b roomPillowCount
0023c994 00000004 b roomShelfFirst
0023c998 00000004 b roomShelfCount
0023c99c 00000004 b roomDoorFirst
0023c9a0 00000004 b roomDoorCount
0023c9a4 00000004 b roomKnobFirst
0023c9a8 00000004 b roomKnobCount
0023c9ac 00000004 b roomTrimFirst
0023c9b0 00000004 b roomTrimCount
0023c9b4 00000004 b roomSkyFirst
0023c9b8 00000004 b roomSkyCount
0023c9bc 00000004 b roomGroundFirst
0023c9c0 00000004 b roomGroundCount
0023c9c4 00000004 b deskFirst
0023c9c8 00000004 b deskCount
0023c9cc 00000004 b matFirst
0023c9d0 00000004 b matCount
0023c9d4 00000004 b gridFirst
0023c9d8 00000004 b gridCount
0023c9dc 00000004 b standFirst
0023c9e0 00000004 b standCount
0023c9e4 00000004 b kitTrayFirst
0023c9e8 00000004 b kitTrayCount
0023c9ec 00000004 b kitLidFirst
0023c9f0 00000004 b kitLidCount
0023c9f4 00000004 b kitArtFirst
0023c9f8 00000004 b kitArtCount
0023c9fc 00000004 b runnerFirst
0023ca00 00000004 b runnerBaseCount
0023ca04 00000100 b stubFirst
0023cb04 00000100 b stubCount
0023cc04 00000004 b runnerCount
0023cc08 00000c00 b sockets
0023d808 00000004 b socketCount
0023d80c 00000004 b dedupCount
0023d810 00001700 b activeSpecs
0023ef10 00001c00 b parts
00240b10 0000d800 b dedupNext
0024e310 00010000 b dedupBucketHead
0025e310 00006c00 b meshIndex
00264f10 0006c000 b dedupData
002d0f10 0006c000 b meshData
0033cf10 00000040 B pickProjection
0033cf50 00000001 b pending
0033cf51 00000001 b tutorialRetired
0033cf52 00000001 b saveFailed
0033cf54 00000018 b atlasTex
0033cf6c 00000001 b atlasReady
0033cf70 00000001 b page
0033cf74 00000004 b staticBuf
0033cf78 0000001c b txtTitle
0033cf94 0000001c b txtTagline
0033cfb0 0000001c b txtPlay
0033cfcc 0000001c b txtOptions
0033cfe8 0000001c b txtQuit
0033d004 0000001c b txtOptHdr
0033d020 0000001c b txtVolume
0033d03c 0000001c b txtMinus
0033d058 0000001c b txtPlus
0033d074 0000001c b txtControls
0033d090 0000001c b txtBack
0033d0ac 0000001c b txtVolNote
0033d0c8 0000001c b txtCtlHdr
0033d0e4 0000001c b txtLanguage
0033d100 0000001c b txtReset
0033d11c 0000001c b txtUpd1
0033d138 0000001c b txtUpd2
0033d154 0000001c b txtUpdHdr
0033d170 0000001c b txtUpdCheck
0033d18c 0000001c b txtUpdGet
0033d1a8 0000001c b txtUpdRestart
0033d1c4 0000001c b txtUpdOff
0033d1e0 0000001c b txtLevHdr
0033d1fc 0000001c b txtPrev
0033d218 0000001c b txtNext
0033d234 00000230 b txtNum
0033d464 00000150 b txtKey
0033d5b4 00000150 b txtAction
0033d704 00000150 b txtKeyLabel
0033d854 00000014 b levelBuilt
0033d868 00000004 b dynBuf
0033d86c 000000c0 b rCtlRow
0033d92c 00000004 b levelPage
0033d930 00000001 b seenUp
0033d934 00000004 b heldX
0033d938 00000001 b s_workerLive
0033d93c 00000004 b s_worker
0033d940 00000001 b s_job
0033d944 000000c0 b s_msg
0033da04 00000001 b s_state
0033da08 00000020 b s_latest
0033da28 00000200 b s_assetUrl
0033dc28 00000001 b s_romfsUp
0033dc2c 00000004 b s_socBuf
0033dc30 00000001 b s_socUp
0033dc31 00000001 b s_amUp
0033dc32 00000001 b s_available
0033dc38 000005a8 B __C2Di_Context
0033e1e0 00000040 b s_projTop
0033e220 00000040 b s_projBot
0033e260 00000004 b uLoc_mdlvMtx
0033e264 00000004 b uLoc_projMtx
0033e268 00000004 b s_glyphSheets
0033e26c 00000004 b s_textScale
0033e270 b completed.1
0033e274 b object.0
0033e28c 00000004 b s_lock
0033e290 00000004 b initialized
0033e294 00000004 b randseed.0
0033e298 00000001 b seeded.1
0033e29c 00000004 b backends_len.0
0033e2a0 000000c8 b backends.1
0033e368 00000004 b selected.2
0033e36c 00000001 b init_ssl
0033e370 00000004 b supported_init
0033e374 00000250 b supported_ciphersuites
0033e5c4 00000004 b debug_threshold
0033e5c8 00000004 b init_done.0
0033e5cc 0000000e b ecp_supported_grp_id
0033e5dc 00000004 b aes_init_done
0033e5e0 00000028 b round_constants
0033e608 00000400 b RT3
0033ea08 00000400 b RT2
0033ee08 00000400 b RT1
0033f208 00000400 b RT0
0033f608 00000100 b RSb
0033f708 00000400 b FT3
0033fb08 00000400 b FT2
0033ff08 00000400 b FT1
00340308 00000400 b FT0
00340708 00000100 b FSb
00340808 0000000c b hookCookie
00340818 000002d0 B __C3D_Context
00340ae8 00000004 b frameEndCbData
00340aec 00000004 b frameEndCb
00340af0 00000008 b frameCounter
00340af8 00000001 b isTopStereo
00340af9 00000001 b needSwapBot
00340afa 00000001 b needSwapTop
00340afb 00000001 b measureGpuTime
00340afc 00000001 b inSafeTransfer
00340afd 00000001 b inFrame
00340b00 00000010 b cpuTime
00340b10 00000010 b gpuTime
00340b20 0000000c b linkedTarget
00340b2c 00000004 b lastTarget
00340b30 00000004 b firstTarget
00340b34 00000008 b C3Di_IVUnifEverDirty
00340b3c 000000c0 b C3Di_FVUnifEverDirty
00340bfc 00000018 b C3Di_ShaderFVecData
00340c14 00000002 B C3D_BoolUnifsDirty
00340c18 00000008 B C3D_IVUnifDirty
00340c20 000000c0 B C3D_FVUnifDirty
00340ce0 00000004 B C3D_BoolUnifs
00340ce4 00000020 B C3D_IVUnif
00340d04 00000c00 B C3D_FVUnif
00341908 00000008 b sLinearPool
00341910 0000000c b sAddrMap
00341920 00000008 b sVramPoolB
00341928 00000008 b sVramPoolA
00341930 0000000c b sAddrMap
0034193c 00000064 b escapeSeq
003419a0 00000048 B currentCopy
003419e8 00000004 b sharedFontAddr
003419ec 00000004 B g_sharedFont
003419f0 00000004 b screenAlloc
003419f4 00000004 b screenFree
003419f8 00000002 b gfxIsDoubleBuf
003419fc 00000002 b gfxCurBuf
003419fe 00000001 b gfxIsVram
003419ff 00000001 b gfxTopMode
00341a00 00000002 b gfxFramebufferFormats
00341a04 00000004 b gfxBottomFramebufferMaxSize
00341a08 00000004 b gfxTopFramebufferMaxSize
00341a10 00000008 b gfxBottomFramebuffers
00341a18 00000008 b gfxTopFramebuffers
00341a20 00000001 V __ctru_speedup
00341a24 00000004 b romfs_mount_list
00341a28 00000004 V __romfs_path
00341a2c 00000004 B gpuCmdBufOffset
00341a30 00000004 B gpuCmdBufSize
00341a34 00000004 B gpuCmdBuf
00341a38 00000004 b boundQueue
00341a3c 00000001 b shouldStop
00341a3d 00000001 b isRunning
00341a3e 00000001 b isActive
00341a40 00000004 b curQueue
00341a44 00000004 b ndspRefCount
00341a48 00000048 b ndspMaster
00341a90 00000004 b ndspThread
00341a94 00000001 b ndspThreadRun
00341a98 00001080 b dspVar5Backup
00342b18 00000004 b ndspMutex
00342b1c 00000008 b sleepEvent
00342b24 00000004 b dspSem
00342b28 00000004 b irqEvent
00342b2c 00000008 b ndspHookCookie
00342b34 00000001 b componentFree
00342b36 00000002 b componentDataMask
00342b38 00000002 b componentProgMask
00342b3c 00000004 b componentSize
00342b40 00000004 b componentBin
00342b44 00000004 b frameCount
00342b48 00000004 b droppedFrames
00342b4c 00000001 b bCancelReceived
00342b4d 00000001 b bSleeping
00342b4e 00000001 b bEnteringSleep
00342b4f 00000001 b bDspReady
00342b50 00000080 B ndspVars
00342bd0 00000002 B ndspBufferId
00342bd2 00000002 B ndspBufferCurId
00342bd4 00000002 B ndspFrameId
00342bd8 00000c60 b ndspChn
00343838 00000004 b amRefCount
0034383c 00000004 b amHandle
00343840 00000001 b flagValue.0
00343841 00000001 b flagInit.1
00343844 00000004 b serviceName.6
00343848 00000001 b aptChainloadFlags
00343849 00000001 b aptChainloadMediatype
0034384c 00000020 b aptChainloadHmac
0034386c 00000300 b aptChainloadDeliverArg
00343b70 00000008 b aptChainloadTid
00343b78 00001000 b aptParameters
00344b78 00000004 b aptFlags
00344b7c 00000001 b aptHomeButtonState
00344b80 00000004 b aptMessageFuncData
00344b84 00000004 b aptMessageFunc
00344b88 0000000c b aptFirstHook
00344b94 00000001 b aptEventHandlerThreadQuit
00344b98 00000004 b aptEventHandlerThread
00344b9c 00000008 b aptSleepEvent
00344ba4 00000008 b aptReceiveEvent
00344bac 00000008 b aptEvents
00344bb4 00000004 b aptLockHandle
00344bb8 00000004 b aptRefCount
00344bbc 00000004 b cfguRefCount
00344bc0 00000004 b cfguHandle
00344bc4 00000002 b dspSavedCompDataMask
00344bc6 00000002 b dspSavedCompProgMask
00344bc8 00000004 b dspSavedCompSize
00344bcc 00000004 b dspSavedCompBin
00344bd0 00000001 b dspSleeping
00344bd1 00000001 b dspComponentLoaded
00344bd4 00000008 b dspFirstHook
00344bdc 00000004 b dspRefCount
00344be0 00000004 b dspHandle
00344be8 00000080 b fsExemptArchives
00344c68 00000004 b fsuRefCount
00344c6c 00000004 b fsuHandle
00344c70 00000007 b gspEventCbOneShot
00344c78 0000001c b gspEventCbData
00344c94 0000001c b gspEventCb
00344cb0 00000038 b gspEvents
00344ce8 00000004 b gspLastEvent
00344cec 00000001 b gspRunEvents
00344cf0 00000004 b gspEventThread
00344cf4 00000004 b gspEvent
00344cf8 00000001 b gspGpuRight
00344cf9 00000001 b gspThreadId
00344cfc 00000004 b gspSharedMem
00344d00 00000004 b gspSharedMemHandle
00344d04 00000004 b gspRefCount
00344d08 00000004 b gspGpuHandle
00344d0c 00000001 b usingIrrst
00344d10 00000004 b hidRefCount
00344d14 00000006 b gRate
00344d1c 00000006 b aVec
00344d24 00000004 b cPos
00344d28 00000004 b tPos
00344d2c 00000004 b kRepeat
00344d30 00000004 b kUp
00344d34 00000004 b kDown
00344d38 00000004 b kHeld
00344d3c 00000004 b kOld
00344d40 00000004 B hidSharedMem
00344d44 00000014 B hidEvents
00344d58 00000004 B hidMemHandle
00344d5c 00000004 B hidHandle
00344d60 00000004 b irrstRefCount
00344d64 00000004 b csPos
00344d68 00000004 b kHeld
00344d6c 00000004 B irrstSharedMem
00344d70 00000004 B irrstEvent
00344d74 00000004 B irrstMemHandle
00344d78 00000004 B irrstHandle
00344d7c 00000004 b ptmSysmRefCount
00344d80 00000004 b ptmSysmHandle
00344d84 00000004 B __sslc_servhandle
00344d88 00000004 B socMemhandle
00344d8c 00000004 B SOCU_handle
00344d90 00000004 V __ctru_linear_heap_size
00344d94 00000004 V __ctru_heap_size
00344d98 00000004 B __ctru_linear_heap
00344d9c 00000004 B __ctru_heap
00344da0 00000004 B __system_retAddr
00344da4 00000004 B __system_argv
00344da8 00000004 B __system_argc
00344dac b saved_stack
00344db4 00000004 B __3dslink_host
00344db8 00000004 b srvRefCount
00344dbc 00000004 b srvHandle
00344dc0 00000004 b arbiter
00344dc4 00000004 b currentAddr
00344dc8 00000004 b maxAddr
00344dcc 00000004 b minAddr
00344dd0 00000004 b srvPmHandle
00344dd8 000005c0 b archive_devices
00345398 00000004 b archive_device_cwd
0034539c 00000001 b archive_initialized
003453a0 00000028 B __malloc_current_mallinfo
003453c8 00000004 B __malloc_max_total_mem
003453cc 00000004 B __malloc_max_sbrked_mem
003453d0 00000004 B __malloc_top_pad
003453d4 0000000c b __sfp_recursive_mutex
003453e0 00000168 B __sf
00345548 00000004 B __stdio_exit_handler
0034554c 0000000c b __malloc_recursive_mutex
00345558 0000000c b __env_recursive_mutex
00345564 00000004 B _timezone
00345568 00000004 B _daylight
0034556c 00000004 b __tz_mutex
00345570 00000004 b initial_env
00345574 00000004 b prev_tzenv
00345578 0000000c b __tzname_dst
00345584 0000000c b __tzname_std
00345590 00000400 b temp_cwd
00345990 00000004 b __hndl_lock
00345994 00000004 B fake_heap_start
00345998 00000004 B fake_heap_end
0034599c 00000004 b heap_start.0
003459a0 B __tls_start
003465a8 B __bss_end__
003465a8 A __end__
003465a8 B __tls_end
